k,primary_mean_radius,primary_minimal_radius,primary_maximal_radius,primary_rsd,secondary_mean_radius,secondary_minimal_radius,secondary_maximal_radius,secondary_rsd,T1,ys_700,fgamma
0,8.170420671718973e-05,3.105304651634934e-05,4.610495324689644e-05,1.5217456249520185,1.1564224255368636e-09,7.911869445362727e-09,5.2913270987209745e-08,1.6179286131635309,1089.0081708086657,597.4918093161,0.1701150899539
1,2.86802308767004e-06,1.1120537890824573e-06,8.280211109885522e-05,3.584771296847612,1.1746163361817554e-08,4.9504708966815905e-09,1.5491740950593165e-07,3.694103866722435,1121.0850764531642,464.4165895024,0.08466361732419
2,7.415706427071449e-07,1.0382453292156404e-05,2.940976068681268e-05,0.7141730008646845,1.0517026564475637e-07,1.3202289881985286e-09,2.2389785026215172e-08,2.293799197580665,1131.6806336166337,624.4842395843,0.05333449295607
3,1.0927332346137163e-05,2.961283007756987e-06,0.0001669887723807,2.320290393102914,2.328385272264134e-09,3.3552587742931976e-08,6.511635368900378e-08,0.4699130604043603,1108.95353294909,607.5981345777,0.1188448557808
4,3.536496454783416e-05,8.889762217396807e-06,9.960068001235954e-05,2.735503939259797,5.960752037690738e-09,1.4335061189924596e-08,3.1596694419236036e-08,2.60075727943331,1141.35598577559,687.5727108498,0.02399324778029
5,1.24253372462262e-06,6.195052844492895e-06,5.6430018453215735e-05,0.4209994999691844,6.040179249978471e-08,3.5673845377080323e-09,1.0987903154042397e-07,0.7768674447201191,1098.6983944894746,496.2024641449,0.1460150478715
6,9.22777999820531e-06,2.369368866170088e-05,0.0001170814132022,3.4209040169604124,2.986180648464628e-08,1.680348050199125e-09,4.2003911133120034e-08,1.4333214893005788,1078.7610430736097,604.4697626607,0.193903947099
7,0.0001360993992642,2.073139011176721e-06,2.0984315280996224e-05,1.5635458944365384,6.55218270411154e-10,1.698472798839923e-08,1.470502482043232e-07,3.5095004403963683,1130.7501290692016,482.2623449939,0.05612830885611
8,0.0001923387539193,1.4294102995445849e-05,0.0001371939602826,0.230057471152395,1.9664510565111703e-08,2.582785194758843e-08,3.018423287051585e-08,2.9017416671849787,1148.0836719507352,710.335759202,0.003504564153336
9,6.453619692456287e-06,3.243187998984703e-06,2.464447653985804e-05,2.8024434968829155,1.9360019528863948e-09,1.0171913531794843e-09,8.621995659984263e-08,1.0692936472594738,1097.238424886018,534.8432800234,0.1497453389789
10,1.8213850938472672e-06,3.3949843580751426e-05,8.44278203288586e-05,2.012566634174436,4.280276643312571e-09,6.0930522541313805e-09,4.011953181428553e-08,1.140430247038603,1081.991988955997,613.5177972439,0.1865910701467
11,2.329347663230996e-05,1.5337414387879194e-06,4.794119333538482e-05,3.092106880247593,1.9333353176118737e-07,9.729183068812465e-09,1.153663082382605e-07,3.2080287114717065,1123.4141885768622,511.5144681869,0.07787857608953
12,1.5265892361140236e-05,1.621726161158744e-05,3.3318950250382526e-05,3.8955649957060814,7.629706005165464e-08,2.212524407337614e-08,5.6364516523933255e-08,1.8127569348551331,1090.485307527706,594.8762554963,0.1665420164415
13,5.125033191920896e-07,1.7900529257620908e-06,0.0001887597270133,1.0869197002612054,7.52942538545533e-09,2.190886345139666e-09,1.938069466067124e-07,3.880359125882387,1114.3379365792498,427.5657439112,0.103929216163
14,4.254392938214371e-06,7.66236667049487e-06,4.060422245263313e-05,2.2351093605160712,7.537700894326576e-10,2.911625300459265e-09,2.3852879711497425e-08,2.1080164022743704,1138.9994089491663,638.8705717617,0.03117300642669
15,5.443881590664005e-05,4.247690830371751e-06,7.27594915229073e-05,0.9195478818379342,3.4353169816073444e-08,1.1689447427175072e-08,8.147070950252913e-08,0.2755646557547152,1105.7420432800427,578.7801745931,0.1275325894691
16,5.016279763382357e-05,7.019284130764055e-06,2.6164439265706937e-05,3.3440271110273896,3.173074338160445e-09,2.260257227526349e-09,1.6197839128761577e-07,2.272981796134263,1095.8599439356476,437.0908977399,0.1532352643118
17,3.919352856344915e-06,4.8827597581806425e-06,0.0001459126032405,1.7623122418299315,1.2459165029117677e-07,2.251461075947224e-08,5.062247900407836e-08,0.2054428700357675,1146.9775690464303,650.7105769464,0.006865409643888
18,6.867506101436403e-07,1.869146984436853e-05,5.27645271166901e-05,2.5672245026566087,1.2543452367304171e-08,1.0679270683698668e-08,6.806220516349896e-08,2.0043406788259746,1124.6896727010608,603.4266991816,0.07413634012153
19,2.0451601548233214e-05,1.632513880058624e-06,9.30725186428002e-05,0.4674183780327439,1.4205842930064756e-09,2.695599018768224e-09,2.1413884436814247e-08,3.836729160416872,1082.9172752099112,557.3748165702,0.1844650226072
20,2.5878717306029013e-05,3.940337564672244e-05,0.0001786818805867,0.6691823745146394,5.589922795032501e-10,1.2562313497093384e-09,1.0324867349496723e-07,1.2144052584655582,1115.6099788146091,524.8145218327,0.1003441098381
21,2.023820981231168e-06,1.4085519520916053e-06,3.1454064203056135e-05,2.487141636107117,2.2130377258152602e-08,3.1476698520129986e-08,3.363618282380706e-08,3.0467975247651338,1091.4071692153811,658.6749944891,0.164293708638
22,4.930407554593027e-06,1.3186197072757571e-05,6.644775908933005e-05,1.3244075292721391,4.865011324904216e-08,8.328502201511348e-09,1.381320705237054e-07,2.9415184069424867,1104.3578489450738,466.6909200735,0.1312274154217
23,0.0001469631466642,3.7541995839029967e-06,3.697580478877786e-05,3.6602200091816486,5.526907215837952e-09,5.288021214199246e-09,4.470143879429689e-08,0.8739756961353122,1137.8875753376633,678.4937045266,0.03455578626205
24,0.0001015719807085,2.054576350498442e-05,7.78625479009963e-05,2.06777137927711,1.433282863883389e-07,3.4891752322617573e-09,9.178216733291629e-08,1.4849405316635966,1117.6524522714317,539.5114991816,0.09454083042155
25,6.88766752522415e-06,2.271919632014725e-06,4.342514540341662e-05,0.9650262343697248,3.650236936100118e-09,1.3810772076183184e-08,2.836189566971977e-08,3.3087671886198224,1085.2665653685108,604.3068244548,0.1790032348116
26,1.3485117202602012e-06,9.716236107432237e-06,0.0001514616032956,3.819636983796954,1.794464645563142e-09,1.8491114760535885e-08,1.2277961338911266e-07,2.679076511692256,1112.278582667932,493.8065173398,0.1096843612922
27,3.838633836149131e-05,5.395980264116015e-06,2.6722467791931303e-05,1.2847380834631623,1.5844837303776784e-08,1.858008281472771e-09,3.7687741413301025e-08,0.6029607383534312,1135.2460000431165,681.8833693634,0.04257362858771
28,1.4303905447254298e-05,1.126366076049901e-05,5.9777901433692895e-05,1.814272205810994,4.068140016033161e-08,4.103465215020175e-09,1.854097820635073e-07,2.498296411149204,1102.0177129423246,424.0726232737,0.1374046234556
29,9.704894078825311e-07,2.560217869984021e-06,0.0001052070187526,3.1685109954327344,1.0275668901615908e-09,6.457038032699774e-09,5.89314525761962e-08,0.4221769983880221,1144.9156393762678,669.0408905876,0.01314189028539
30,7.352829274770786e-05,1.2096648214728686e-06,0.0001282153069077,2.970257581397891,8.144849663078954e-08,1.5349878954144195e-09,2.493281449582776e-08,3.611901654116809,1075.0159951858222,565.2860988558,0.2021658818033
31,6.518190605345592e-05,1.1011446900366907e-05,8.886386894950818e-05,3.725300835352391,6.871771165653493e-10,1.9437318998916328e-09,7.103025292930284e-08,3.370621441677213,1146.02652345784,617.5759090771,0.009758847055672
32,2.399956253773946e-06,3.13503355027711e-06,4.955356290291713e-05,1.3812760751694442,2.5889939987342032e-08,1.9624870604699068e-08,2.0609744889341173e-08,1.5457794149406254,1094.027713756077,599.7655093725,0.1578253937415
33,9.068539018188778e-07,2.9322126667545808e-05,0.0001343816168435,2.4301689344458284,5.7582098269728944e-08,1.3154304011077307e-08,1.6745028018990954e-07,0.6644095917232334,1083.4310121834278,428.5582718531,0.1832784757533
34,1.276379457976474e-05,1.0481776555385706e-06,2.370560217072582e-05,0.6042354296892881,6.876475419703767e-09,3.275756376913586e-09,4.9139687468298846e-08,2.73963643796742,1126.0800169082358,650.9912128791,0.07003691158289
35,4.108095151674984e-05,2.511780424960814e-05,3.94102184545996e-05,0.5320082526654005,2.673398001664782e-09,1.4411492435722935e-09,1.3233110169192604e-07,0.3615017656236887,1093.678851542063,508.6110229842,0.1586930696815
36,1.5111911816220575e-06,2.1937901322505497e-06,6.937065173362475e-05,2.624554245453328,1.0044672376389959e-07,3.660095090271537e-08,4.6434548212889635e-08,2.436724827159196,1116.414538770914,645.8775152892,0.09806491042635
37,7.76978712561025e-06,8.405588479165822e-06,3.475070387362596e-05,1.704848588630557,1.0232149869301624e-08,6.8527958786380835e-09,9.978790600205695e-08,3.55117807732895,1136.3507457775995,549.3990492078,0.03922425961769
38,0.0001092584079038,5.847102123143569e-06,0.0001933883156905,3.2795413631014525,1.2105811666311302e-09,4.292636412233492e-09,3.4621654399087355e-08,1.7263398353010415,1104.2835638392717,641.4159704165,0.1314248475553
39,5.307289682301769e-06,1.4482410749674686e-06,0.0001703158503276,0.1267138213850558,8.680937151084404e-10,1.0136225704474941e-08,3.645551265485076e-08,2.212618870846927,1119.0452423179522,666.7534454557,0.09055142318193
40,2.164346920357407e-06,1.5132870721407912e-05,4.454839634940949e-05,3.225796120800078,7.910000895664033e-09,2.4151961810062624e-08,9.536819448514139e-08,3.7757562650367618,1134.292822657153,557.9414585791,0.04545828472774
41,2.90210967902602e-05,3.4396851197069542e-06,7.859128217467178e-05,1.8788174630142749,6.623704137932019e-08,2.3899611737736756e-09,2.7178177018578156e-08,1.9442567105405035,1110.4487726232037,621.6054007588,0.1147459633418
42,1.9125049709524045e-05,7.231962199848431e-06,0.0001141667584817,1.219835785124451,1.6814568852063977e-07,5.591274314957181e-09,7.570303791333158e-08,3.1069967995397745,1143.3763662120327,602.8730919033,0.01783335581639
43,6.123473351613113e-07,4.016321362552369e-06,2.009430739854544e-05,3.762708928622305,4.475182975575663e-09,8.933993218112976e-09,2.5797090237272115e-08,1.2755008844658733,1101.945587573573,607.2030464771,0.1375936147793
44,3.4770692106114625e-06,1.7161144267898904e-05,0.0001043635512433,1.0218204081989826,2.2256056194668234e-09,2.9876720889968836e-08,1.784992041209255e-07,0.9342233149334788,1077.285259612836,417.2187189843,0.1971870617609
45,4.659747317119858e-05,1.897653461315531e-06,5.8066164844193e-05,2.132777833379805,1.881149751930576e-08,1.1753261297887507e-09,6.151812676755398e-08,3.002773971389979,1128.1207748688755,620.2544709668,0.06398396021453
46,6.098499208100859e-05,1.979489132799606e-05,0.0001565831116056,1.6284481927752494,4.806054843358707e-09,9.068776132852174e-09,2.1542397837859332e-08,1.0092841817997396,1120.2783743618056,608.720034022,0.08699835726262
47,4.551258262141593e-06,1.7320038993520868e-06,2.812357045266597e-05,3.477832072135061,5.087619117222727e-08,5.761934421076107e-09,6.793393106913973e-08,2.8407242560759185,1086.7389167193323,556.700611952,0.1755334736538
48,5.510997707671462e-07,6.618318928433287e-06,7.490412780906312e-05,0.3642053261399269,2.5454343495046385e-08,1.0873333205951903e-09,5.13792282125247e-08,3.147591515816748,1109.0256686555222,622.3761195843,0.1186478886385
49,1.721438772301849e-05,4.612140885482292e-06,4.252749741916666e-05,2.670497485157102,5.344354871423418e-10,2.7214059768599804e-08,1.6020299774932016e-07,1.07909670015797,1133.2198986783624,476.4794675375,0.04869886053851
50,2.166262583910688e-05,1.3945772413931618e-05,2.196575061791462e-05,2.3847017399035395,1.352752328975668e-09,1.2317094818323777e-08,4.3618976200803746e-08,3.9415699421428143,1100.5281964316964,635.7425259243,0.1412906073964
51,1.615184930783657e-06,3.977612914416606e-06,0.0001244581286401,0.7715622529387474,1.4443681800622177e-08,3.112510961919545e-09,1.4082882418634536e-07,1.8730788240209224,1142.309173499234,498.4839138443,0.02108716101187
52,5.7610094373107305e-06,3.716926875568037e-05,6.123726817917674e-05,3.5274861714802683,1.3081513858488657e-07,2.071753437543004e-09,3.253237768846724e-08,0.3367047974839806,1129.3573493603617,710.4904166781,0.06029699374981
53,0.0001797890361077,1.331084366081881e-06,0.0001097471708655,1.4572003677487373,2.7561269995080723e-09,2.0622974209337963e-08,1.062304262484006e-07,2.168141174223274,1078.2494554994628,484.1786570217,0.1950461016265
54,0.0001214066719914,9.17771039062863e-06,5.381012975348797e-05,0.8549580072052776,9.353172958102797e-08,3.5222327108350785e-08,3.879795251717191e-08,3.754589522629976,1097.3127002129331,647.5443025685,0.1495564085451
55,8.63177642118494e-06,5.087733170455343e-06,9.665335441534706e-05,2.177779617719352,8.83558436836374e-09,1.4060354829064734e-09,1.1881722132688773e-07,1.6794222147203983,1149.6205090545118,532.7819600433,0.0
56,1.1547246194552143e-06,2.1797907480124024e-05,2.4829509034832347e-05,1.14438335346058,8.946541458974461e-10,4.732841541658188e-09,2.893185737955884e-08,0.5308264465071261,1122.6096361642703,634.258526375,0.0802296022493
57,3.138358661140768e-05,2.4060416727872145e-06,0.0001410012948714,3.9600507436320185,4.2610733397225743e-08,7.45578648415411e-09,8.961001029290521e-08,2.3556089349091054,1079.720296850428,507.5985998551,0.1917507487377
58,1.17590961648655e-05,2.5258076345002465e-05,6.363622143201296e-05,3.0270260540768503,1.6614168817170943e-08,1.6005301829777076e-08,2.467340742261872e-08,0.7151804380118847,1112.9475825931877,627.6998177035,0.1078214732975
59,8.355896164712667e-07,1.1410761407188491e-06,3.604898869667744e-05,1.9556980882771315,1.5560437321576715e-09,1.6064215076058306e-09,7.913156519803252e-08,2.5399591998197137,1089.9715780979022,536.478848468,0.167788804445
60,3.2153320029318038e-06,1.19339806802781e-05,0.0001838949187158,2.859416198544204,3.4818433783284134e-09,3.7993763058212065e-09,5.885344512362647e-08,3.447884108219296,1107.5742810033262,602.8118554979,0.1225955749943
61,8.733977260748614e-05,2.7077001471374312e-06,3.295471103863037e-05,0.2950044159777462,1.6525927763210782e-07,1.5048764050921396e-08,1.8662743970724326e-07,1.3727205269038678,1139.9504447588697,452.5608087506,0.02827675662777
62,9.28441491822031e-05,8.114580758593841e-06,0.0001906408820881,2.2133447939530013,2.7245026615579936e-08,2.166654280606488e-08,1.3546020001033617e-07,1.128114430885762,1125.7460054708645,493.7463816888,0.07102360972335
63,2.972897177613326e-06,5.675171586115735e-06,3.4160310330777844e-05,0.8820412517525256,7.24993511866084e-10,2.176588792794618e-09,4.5391593204505166e-08,3.1956929257139564,1084.2786487657577,605.3530783336,0.1813111706846
64,8.43996186002798e-07,2.424843828862173e-05,7.088625016770967e-05,3.9959134662523863,6.491587512167657e-09,2.8940263765502683e-09,1.0099579150778604e-07,2.794532751105726,1094.8100296081975,504.0059523901,0.1558723190472
65,1.1311468324748294e-05,2.1293072312130777e-06,4.015920368261443e-05,1.1715261072851717,5.4858688091995496e-08,1.1452488914196786e-08,3.422278583032509e-08,0.9621651398949324,1145.6089165061712,702.3206722726,0.01103024843555
66,1.0679508230074795e-06,1.0249506326071227e-06,0.0001360142833628,3.070342313684523,2.5637628774269987e-09,1.0401029876438402e-09,2.109430806735037e-08,0.2933906590566039,1136.530261975713,583.9358782632,0.03867944954657
67,8.709848757978758e-06,1.0709529672960605e-05,4.830363215725577e-05,0.3146638781763613,1.2674308153778642e-09,6.233325573474505e-09,1.655458680835201e-07,1.9182842707261445,1116.6570511180907,452.3812650918,0.09737616426145
68,0.0001167959139103,3.0655551264131543e-06,8.676644912596183e-05,2.902791967429221,1.0615227214714004e-08,9.810704193760212e-09,4.974103803237762e-08,3.985866448562592,1092.7763727260754,610.0643701532,0.1609283146072
69,0.0001692381775726,1.777239531089132e-05,5.497073131404654e-05,3.5031300383619963,8.346320336740212e-10,1.4877776093303328e-08,7.658709294108923e-08,2.40367265753448,1111.2038992578164,569.4884410687,0.1126631599438
70,6.225690014258015e-06,1.9546826969330894e-06,9.852085602753308e-05,1.662466127797961,3.136500522993176e-08,3.75620680747857e-09,2.5489137790551548e-08,0.5798818645067513,1133.9029771275818,646.9510018174,0.04663657457175
71,1.6004144109686664e-06,7.489637470875585e-06,2.11901620565113e-05,2.6956169235520067,6.93475742706554e-08,1.7684288521357122e-09,1.825916476422654e-07,1.6322804209776225,1118.7207175185904,439.4553910907,0.09148323975959
72,2.250545598730257e-05,4.13706135442047e-06,0.0001200562357655,0.3978066962212324,8.206140239206279e-09,1.7619433883889005e-08,6.009413855136186e-08,3.708420769497752,1086.6168669890612,580.1908498321,0.1758224697508
73,1.6196774804987593e-05,1.5562978744504074e-05,8.343790491456503e-05,0.8130932342261076,4.709415291760468e-09,7.531306961410304e-09,1.2495581807564025e-07,1.3293835785239936,1128.3904574345795,507.1391061225,0.06318106546531
74,5.963681336938882e-07,3.5184379979446896e-06,4.737637709098261e-05,2.402516414504498,1.773989998896109e-07,4.780781011593868e-09,3.687571700218464e-08,3.40552769722417,1076.355038373731,608.243650381,0.1992381553255
75,4.506749306902235e-06,3.290899787258919e-05,0.0001623271707827,1.4985528212040664,1.7758586329209662e-08,1.2743571003216902e-09,9.317290968755383e-08,2.5842180770821868,1100.952370185405,522.502416078,0.1401876420786
76,4.733817344898436e-05,3.570538928246146e-05,0.0001081824832451,0.1473105256445706,5.387264152008386e-08,4.1302638089839575e-09,4.108716241546453e-08,2.7582137495279317,1132.959452131763,678.2341404669,0.04948437645874
77,3.364036331626254e-06,1.2809471293772046e-06,6.019572205929806e-05,2.9482549486681817,5.046521058362796e-09,6.5935830780428435e-09,1.4961393254930872e-07,0.6820139207877218,1109.9467969266698,471.5656660319,0.1161257940643
78,1.7581435740485526e-05,3.827780557000012e-06,2.2383441770434493e-05,3.2681453255936503,2.4117660121380697e-08,1.5443698808813175e-09,1.11574864688227e-07,3.353939041495323,1120.0808166759089,513.4648753075,0.08756888482717
79,2.94581834013774e-05,6.492145842998681e-06,4.2973165445521056e-05,3.797634351067245,1.3800788458594834e-08,3.412203815789102e-09,2.2882830928051198e-08,1.7144539758563042,1077.4851112859324,559.112392925,0.1967445501901
80,2.094561218387753e-06,4.532301569889587e-06,7.581563710526155e-05,1.2479455356486142,1.303465535966359e-09,1.3702229707002398e-08,6.398233312014555e-08,3.538308077398688,1129.7562694177032,620.1821984089,0.05910467272205
81,5.603720951135196e-06,1.9417702492894548e-05,2.74125444448085e-05,2.167405709438026,2.865592637862887e-09,1.8337932290145412e-08,5.3972148541993416e-08,2.4514973514713345,1142.6246053306386,664.8538447543,0.02012540341975
82,0.0001523108136671,1.702041034438286e-06,0.0001528857326519,1.049870649445802,1.364583468260158e-07,1.8162679738573002e-09,1.5260494959501225e-07,0.3752936944365501,1099.698710301891,437.6960694717,0.1434390534391
83,0.0001076176137236,1.2431696650188364e-05,3.119624437829569e-05,1.4216614738106728,8.442309409682708e-09,1.1931201762362568e-09,2.3490199009797545e-08,1.961883733328432,1080.6948999874294,564.1061828651,0.1895475733506
84,8.02425552107202e-06,2.815592303781909e-06,0.0001735969799073,3.7436361870728434,9.012395204709187e-08,3.0329044501042495e-08,8.307762650065017e-08,3.794310882873833,1122.4391950527206,568.2116782511,0.08072668956863
85,1.4309888692263178e-06,2.631141668031573e-05,3.801667005192799e-05,0.644799356162548,4.430311227995725e-08,8.028279313172706e-09,5.5398424069417116e-08,2.1959742160513995,1149.3689042981714,663.7895471198,0.0
86,4.465915371104529e-05,1.1865388930076044e-06,6.692064880655727e-05,2.4489208511076868,9.332484531290441e-10,5.024439891675434e-09,1.981302522876729e-07,0.1283361828885972,1098.224414489232,578.4384345759,0.1472299214563
87,1.2566375885989795e-05,2.220630723247575e-05,0.0001497047856204,2.650640680547804,1.647689896602643e-09,2.3405717114969023e-09,4.072731475444654e-08,2.9899415425024927,1140.2936916565525,687.2652993757,0.0272309660251
88,9.378387446970224e-07,2.446746818037183e-06,2.640613235700463e-05,0.5646723225712776,1.7445442371284617e-08,2.3652852276477737e-08,1.1310249420634189e-07,0.9222998844459652,1106.7175520118326,506.5469670696,0.1249105658149
89,2.2711298695794904e-06,9.34976770570826e-06,9.211563108271162e-05,3.30580632602796,1.570981084685554e-07,1.1223994616483336e-08,3.0719131620599644e-08,1.289315681345761,1089.1983373323455,619.3243700738,0.1696571298002
90,7.094365434159554e-05,5.173856181555047e-06,5.137092438467298e-05,1.7379292234778403,3.299001414463775e-09,2.7925441128259772e-09,8.43619739820405e-08,3.121746455784887,1113.3559714071453,552.2378775339,0.1066810832201
91,2.546122383953852e-06,2.0094795271036323e-06,0.0001150936180496,2.1100610747933386,1.098911494810247e-09,8.488926726987556e-09,1.083258226620406e-07,2.022916130721569,1131.8595588905737,532.3628738757,0.05279651632369
92,1.056757092192179e-06,8.601371031548883e-06,5.766420927855784e-05,1.3053942970000207,2.443989391009846e-09,2.837494206041099e-08,4.287138877307487e-08,0.188758610188961,1121.3270336389542,680.6000921944,0.08396178432147
93,1.3522464758775326e-05,6.004795596334801e-06,0.0001014914385594,3.862105207145214,1.114051815232429e-07,1.1324406128450318e-09,1.4397049449148198e-07,2.25729300910607,1088.1062471540645,445.1473851359,0.1722789114678
94,3.963271056113629e-05,1.0111397773280804e-05,0.0001687324843734,3.203079362213612,6.298442767593432e-08,2.65061386541136e-09,5.21575288714203e-08,0.8611038365401327,1130.416708556004,646.0537062069,0.05712773046279
95,1.3298417474056596e-06,2.889134464072787e-06,2.976670854854394e-05,1.8422629377804696,6.199764283024729e-09,1.0501051064942046e-08,1.5705919437486014e-07,2.9296344071626663,1079.6080887317655,428.4744914114,0.1920033978899
96,9.599671798082568e-05,1.084970362343484e-06,4.5017678223551735e-05,0.2122723332606256,2.8522219903676508e-08,2.510718286202741e-09,6.646992970235742e-08,1.22917592311278,1140.9389339853078,624.0611835824,0.02526453653038
97,0.0001423674556372,7.924632100265985e-06,6.887917363820321e-05,1.802816659025848,2.018780733741889e-09,1.4709522405082343e-09,5.7569014905189146e-08,0.6215134965255856,1123.6832813359797,633.982826457,0.07709058518792
98,5.002369525340449e-06,4.385232878622264e-06,3.83318246848259e-05,3.3627195184119048,2.0453011545162864e-08,3.682366334705837e-08,1.898813167380205e-07,2.696705394145101,1081.0623575234786,407.2187475709,0.1887128352948
99,1.857419936779982e-06,1.677226666554514e-05,0.0001990566155157,0.5078632859513164,1.863576999664536e-07,6.897739166019075e-09,2.4196047713206333e-08,3.2930406562052665,1096.2457615416497,593.0554558171,0.1522616405868
100,2.7396718487961475e-05,1.848010463503674e-06,3.503732801664534e-05,2.5856193636544047,4.088265448103477e-09,4.383531982729704e-09,8.035293821702689e-08,1.4682940172031522,1148.2714580139143,600.9339941555,0.002934526538245
101,1.9824757478182743e-05,3.4836025033403894e-05,5.089881952564566e-05,2.51334708975628,7.136640884743391e-09,1.9275734372296206e-09,2.9568935062832756e-08,3.599980083294213,1106.4965801080689,625.3550774655,0.1255058107124
102,6.959460537717086e-07,1.5709643547551908e-06,8.978548880893675e-05,0.702203500084579,7.250267243137138e-08,1.9183435290676277e-08,8.80493261281049e-08,1.7752370691858232,1138.610153226182,575.2171144519,0.032357759525
103,3.5987406181179863e-06,1.4667360209039292e-05,2.3488185363275984e-05,3.686365953553468,3.605880159875819e-08,1.2864489807193021e-08,3.957431848400053e-08,0.4369247949682175,1114.0139658236876,661.4396449824,0.1048386377187
104,5.303251914991984e-05,3.32193654130169e-06,0.0001309797607111,1.35713110845536,7.984566086738134e-10,3.250104987855745e-09,1.1704349870552773e-07,2.5121130676940084,1091.3234756328166,478.7269475549,0.1644984116112
105,5.8926761455176e-05,1.2638290782378551e-05,3.644906565466563e-05,2.8383657287806274,1.186555700023872e-07,1.684475595013629e-08,9.80779612933849e-08,0.5180126106366515,1082.1535202441737,484.7527470252,0.1862209368979
106,3.998149034773945e-06,3.617654569677324e-06,6.531664582438369e-05,0.2572597342543304,2.996568174246404e-09,1.6665002133813567e-09,3.5394126275041544e-08,2.342818787973374,1125.0880035106093,669.3560347509,0.07296396940029
107,1.5145629692536867e-05,1.357334359927164e-06,0.0001820837485708,2.0395903694443405,1.319515627589374e-08,1.5844834327469423e-08,4.7350626801357633e-08,1.571735248528421,1095.0310112908485,622.8205997196,0.1553187970923
108,2.5239184160863476e-05,1.8310496085169904e-05,9.404670883836284e-05,1.1066386717371643,2.296730083205156e-08,3.3999447606217085e-08,1.7041842970878873e-07,3.4661881616339087,1137.627718038857,466.2194477137,0.03534581704086
109,1.7115247431081434e-06,1.607883792494132e-06,5.340736193026592e-05,3.9390002738684418,5.850288237731697e-10,1.3378120536148676e-09,4.80809723447101e-08,1.3909404086880386,1105.2783879684284,626.6962560211,0.1287735915843
110,6.701636950468168e-06,6.876196361544096e-06,0.0001422265466832,0.9388502883724869,5.298311828803477e-09,4.505069088957156e-09,7.21066253338386e-08,0.8211620914749801,1092.4089076463133,560.4636103189,0.1618345730763
111,0.0001907713245206,4.809071001562343e-06,2.5546027314495415e-05,2.2783661108464,4.6791937938779496e-08,7.200025859774444e-09,2.0205412524387272e-08,2.645964585803449,1115.4129746137187,594.8727990436,0.1009008273182
112,0.0001256303750803,2.7880294191320628e-05,0.0001213762126319,3.60995024451986,3.788281096238123e-09,1.2242309334749273e-08,1.750463320028386e-07,3.257085989136249,1135.588656575419,459.6896256733,0.04153541629073
113,9.82548715716909e-06,1.2550265168306296e-06,2.175196710693137e-05,1.5554065043106675,1.5000418051159577e-07,3.0493329832031973e-09,6.246784690775912e-08,1.1884921099990606,1111.4224440418184,591.2125412573,0.1120587797691
114,1.1967681621317863e-06,1.1749316551003231e-05,0.0001109482282114,2.3455288500525056,1.518948765260556e-08,2.028856647820003e-09,7.405112216242194e-08,1.0231230344623328,1084.4938792055473,543.3204421473,0.1808097390575
115,3.567509325911637e-05,2.656255200358325e-06,6.286407489223727e-05,0.7481314266100525,1.725925649930068e-09,2.048894440484894e-08,2.6246952664790445e-08,2.85460173310712,1118.060286482796,649.711535492,0.09337530603725
116,1.0093244680531946e-05,9.920664526435769e-06,2.8371349869253716e-05,0.462411462701857,9.786091987926614e-10,9.277288890700078e-09,9.727709305183717e-08,0.2332063850946724,1075.9900079574436,572.6728462546,0.2000391660979
117,7.886655750283728e-07,5.479891151486501e-06,0.000161082786562,2.7529615581966937,3.84184472258236e-08,5.810046494952814e-09,2.677260390406653e-08,2.064681313559413,1127.144230133854,642.0752288146,0.06688554132573
118,2.763648050827895e-06,2.09779497312285e-05,4.138688754796801e-05,1.6050173664465548,8.596217560133194e-08,1.0959584515385852e-09,1.292679703860819e-07,3.925604061409831,1144.6645892225206,512.8109310847,0.01390681098426
119,8.230781872685443e-05,2.307243022547761e-06,7.433196533652522e-05,3.438659182284028,9.7336710008534e-09,2.7827854157989786e-08,3.5820785510736086e-08,1.8570139524526892,1102.9288726160305,666.6743968258,0.1350098734636
120,8.587633685454913e-05,1.5249471772075111e-05,2.736995457487805e-05,1.989120131451637,5.5653418212307316e-08,3.3082754581888753e-09,7.477469335323046e-08,1.3051414225250484,1092.1784379985183,547.2404516355,0.1624018214488
121,2.759795736334053e-06,3.3615222227642857e-06,0.0001552089605025,3.1153154185041787,6.323585089170038e-09,1.3293871596899661e-08,2.6003482625306853e-08,3.1366126243956387,1114.9169578915462,630.8713253773,0.1023001304452
122,7.714972344161514e-07,3.2275234127895665e-05,4.29192174941472e-05,0.2373175230808556,6.940449459127778e-10,1.996975594937637e-08,1.766947322724997e-07,2.9750679497607053,1137.1213301084936,460.3397698626,0.03688463155171
123,1.0377465143638585e-05,1.4166055878673437e-06,7.693931072638072e-05,2.7954215547069907,2.7481870578704294e-08,1.9756645934595127e-09,6.185801221931324e-08,0.9064815673977136,1105.0558576593176,593.2668161251,0.1293680049627
124,3.67854152947202e-05,1.706037222909351e-05,0.0001255962232384,2.258317898772657,1.0837627950824016e-08,4.2411209961382554e-09,1.257678800112708e-07,2.181323768571019,1147.3776201019064,521.1964825025,0.005649278485919
125,1.1810882780155298e-06,1.938312824619092e-06,2.2564061422239774e-05,0.8961013791151344,1.2271455236780914e-09,6.778179605110903e-09,3.682214423720954e-08,0.1127410401590168,1095.381642784923,502.2498562669,0.1544388659163
126,9.725623510896106e-06,7.183028854730252e-06,0.0001068143061445,3.8885430535301566,2.467483979516109e-09,3.5922302588170136e-08,9.462325884647369e-08,1.9774863292463123,1082.5122341280803,504.7737904113,0.1853974377453
127,0.0001307004281534,4.0986785871853e-06,6.069531646382653e-05,1.094179752189666,9.686845742036312e-08,1.4134732742070199e-09,2.7519108644843984e-08,3.8089538771659135,1125.1629480626434,641.0163035559,0.07274320079168
128,0.0001823181780628,2.9950389558343516e-05,9.074636381401148e-05,0.7376197941601276,7.994501708464704e-09,2.4140944089327032e-09,1.339910869623865e-07,2.4661477844230832,1144.148948229849,507.4769004215,0.01547824681049
129,6.731576208348006e-06,1.0420223027533582e-06,5.144903461605605e-05,2.2970816805027425,7.03585846679592e-08,2.4379380345471445e-08,4.6071859980217134e-08,0.3908888516947627,1102.7153115021065,628.1605926886,0.1355723601596
130,1.7442615953234117e-06,1.123724733046817e-05,0.0001475027818939,1.5144853986799718,3.163479494554655e-08,1.0306813947179382e-08,1.0079148310920629e-07,1.6988513944670558,1075.7868180517107,487.5313775952,0.2004841003026
131,2.4618723751582724e-05,3.1138207521301416e-06,2.6440248356413164e-05,3.59179352959618,7.989295978578874e-10,2.56723572658346e-09,3.4426129981003296e-08,3.523665068577975,1126.6206498024983,670.5948498548,0.06843740499885
132,1.4643561439693246e-05,8.214580224191255e-06,3.771367729620619e-05,3.3976953043602407,2.0527588416552828e-09,1.1619403930004886e-09,7.142266282465564e-08,1.5142630125395955,1084.861936676316,547.6463694778,0.1799504741446
133,4.027586840795325e-06,2.456912093892473e-05,3.0938361477788173e-05,2.7425261720083656,1.77954400502535e-07,8.765873299353292e-09,1.6879005289386838e-07,2.7730873567983507,1135.6464634882286,463.8031402989,0.04136020754085
134,5.681464452158992e-05,2.212687923042135e-06,0.0001758390746815,0.4137392736971378,4.532976744167843e-09,5.489766938876573e-09,4.8537081775638654e-08,0.6978322233073413,1111.8007296696303,638.425886762,0.1110109739339
135,3.7112542387559063e-06,2.4246176542697274e-06,8.648261777432436e-05,1.2624815338291229,5.154264615149394e-10,1.0679538297098068e-09,7.9579587457828e-08,0.7448358098044991,1140.8776860218495,601.7623938307,0.02545122033836
136,7.239329029359583e-07,8.977110463664826e-06,2.4349695960063017e-05,2.0595590190961954,5.090157874492335e-09,5.704654570066285e-09,5.812331049886642e-08,1.3449638584628705,1130.3450893843549,634.9515643548,0.05734228844113
137,1.9622364288457885e-05,5.131627686282889e-06,0.0001356194095091,0.9730006300844252,5.15705609967349e-08,8.984685448138316e-09,1.880933367541036e-07,3.4201632528565824,1079.2343192733824,405.1804585611,0.1928434951981
138,2.7354774369383337e-05,1.2189498832906322e-05,7.126019077209596e-05,0.1618465238250792,1.3211499044083544e-07,2.1019683550491e-08,3.848932217952751e-08,1.6481136008165778,1121.8563460744915,679.7743156098,0.08242395238369
139,1.9378609482791684e-06,2.691839588258365e-06,3.9770600133590914e-05,2.9927522407844664,2.9254964991132926e-09,2.110179530992666e-09,1.2029028303834708e-07,3.723309254087508,1088.3151512825862,471.2467578982,0.1717789299436
140,5.143469418700737e-06,2.577567754633421e-05,0.0001916768280542,1.8222466015256944,1.3074874734874488e-09,3.147835980156001e-09,2.87723905165128e-08,2.388791626133025,1108.187289116904,624.3826752617,0.1209321770503
141,0.000139287398553,1.1333701565521462e-06,3.382203342662503e-05,3.16029863525182,1.3283123153329055e-08,1.2470922807424581e-08,9.05235252983886e-08,0.5640412314794958,1132.3786431690678,577.9560489061,0.05123445055962
142,9.755611850716845e-05,6.579553793596202e-06,0.0001628426821088,2.544730133842677,9.468975435872415e-10,7.326609781296013e-09,4.406366087352302e-08,1.9024510763585567,1113.933307048865,649.3611745808,0.1050648243939
143,7.258258855876342e-06,4.710890797155433e-06,2.866968842952771e-05,0.4896747533231973,4.316250009743226e-08,4.656082471582883e-09,1.4005258282663436e-07,3.9709779785014687,1090.9590296447277,452.2727717857,0.1653884306523
144,1.2820005848919528e-06,1.966121343633049e-05,8.368965755844493e-05,3.352239296864718,8.62648354912507e-08,1.3924498064668038e-09,3.293569104140706e-08,2.1406429992057383,1106.142505328171,640.2298646183,0.1264580094902
145,3.992270455791606e-05,1.7674964112444474e-06,4.6602497980876464e-05,1.7543381366878747,8.514536930077756e-09,3.4858426358655254e-08,1.0538539741124693e-07,0.3092312775552273,1138.5215551126748,595.0889648388,0.03262735793737
146,1.0098858640597815e-06,1.3008175432233394e-06,0.0001194388042033,3.6377256403677167,1.5208379238162774e-07,3.874422724451779e-09,6.709111678729768e-08,0.977752858493477,1148.7812691135332,620.8835105734,0.001387847080205
147,2.4836434715279413e-06,1.4066088287394814e-05,5.5522475583975536e-05,0.6612082693725824,1.6792613842474682e-08,1.6258426310957335e-09,5.1670117116984944e-08,1.1125341654755176,1124.1850100457668,642.4036228237,0.07561917688392
148,7.730052586272253e-05,3.890674337208964e-06,9.79780205863992e-05,2.495353821944445,1.6529238904160339e-09,1.6180582290399254e-08,1.5860512165002838e-07,3.181057355552912,1081.2985570402816,429.156534678,0.1881750944898
149,6.85980907680061e-05,3.414990536675612e-05,0.0001446213714363,3.2175837460905314,1.1170799251847429e-07,3.296384351429127e-08,5.5924988884346736e-08,3.910016357339919,1142.7099216496572,656.1109494842,0.01986527307008
150,2.308125480697381e-06,1.5015894287121308e-06,2.5465151848327807e-05,1.8867918442003428,2.35317780723848e-09,1.2979400224533055e-09,1.962407337274133e-07,1.8423858209513129,1100.04948428832,416.0831254361,0.1425318803788
151,9.446588802080716e-07,1.4391280055114444e-05,9.56084346656798e-05,2.9283408794552086,1.0643224312573054e-09,4.9059501616950816e-09,2.3718490328531805e-08,0.2478419407270848,1077.8439676621929,515.9380936809,0.1959483291113
152,1.211486815969977e-05,3.1780647078449663e-06,5.32467126878938e-05,0.1044572572223842,1.1361996975973576e-08,7.831890949100503e-09,8.229112962962665e-08,2.0802615934982893,1129.8313575796783,576.3639872956,0.05888008961693
153,4.267632867149777e-05,7.603669687927692e-06,3.2308673683195936e-05,1.0297947893850503,2.8779391946431143e-08,1.7296840570320824e-08,2.987948620640968e-08,1.0380115190520882,1087.5105964951215,617.9783846568,0.1737005224408
154,1.437248258658403e-06,4.346521275163935e-06,0.0001803281866642,2.1245654586702587,6.043668207581183e-10,1.7131530024605124e-09,8.669744952632098e-08,2.870434912946075,1119.5846563437954,554.4966035335,0.08899957748087
155,8.178497050730668e-06,1.6078527758056367e-05,3.665100354728082e-05,1.1975792209617795,6.037386959603385e-09,3.611326032305695e-09,3.9628074671098956e-08,3.241245356108993,1132.452920591459,679.2607045581,0.05101077152075
156,0.000104981775832,1.8300543416313584e-06,6.466758490422156e-05,3.785203573480248,6.392312695680105e-08,1.4501841998049734e-08,1.16290857402845e-07,1.1736110785976053,1109.724124125205,499.2269806295,0.1167366613699
157,0.0001570657887272,1.062401691679126e-05,4.152270998811686e-05,2.438381134811789,3.936714393547333e-09,9.56869392140554e-09,3.1849915814003096e-08,0.8062736214138567,1089.5662523107603,615.2855007385,0.168769404766
158,5.530815447388595e-06,2.938598645451726e-06,7.30985412917493e-05,0.5962613390758633,1.868814576400096e-07,5.988499741532949e-09,1.0853298868718637e-07,2.630131391435861,1113.4217170998454,510.262160286,0.1064972691086
159,3.064417834338309e-05,1.1025408630351846e-06,0.0001584571576112,1.4035324649885297,1.9550607477397963e-09,2.5582601632236972e-08,1.4556565706459626e-07,1.4058214546181262,1107.0956951472908,465.8908801641,0.1238901809575
160,1.834204111106695e-05,2.319700260809477e-05,0.0001120322981201,1.6968744980171324,7.6398772970701e-10,1.1922359052969134e-08,5.3446135950710244e-08,3.662574403081089,1148.8534069154412,670.6038513495,0.001169102845998
161,6.46239896156652e-07,2.085355506635639e-06,6.253419966720316e-05,3.287753563467413,3.6380575470958405e-08,2.966296766982405e-09,1.540445683488799e-07,1.5863633655011655,1098.010995867662,446.1399342561,0.1477757397308
162,3.291101377377856e-06,8.711256541112782e-06,0.0001225901988001,0.5542646424844861,7.359000854511377e-08,2.215252656916909e-09,2.2670941834414373e-08,0.5033770404756069,1080.4918525740504,572.527922361,0.1900078721604
163,4.8675570749282855e-05,6.237167247604109e-06,2.163440313399445e-05,2.602059891168028,6.950356358574709e-09,2.2386439446949085e-08,6.460858825741407e-08,2.3272385225631296,1121.9157583313065,612.1558430065,0.08225112756514
164,6.371352032277409e-05,9.51243116657568e-06,8.058909275737742e-05,1.151643390860409,1.2704282788985691e-08,2.724658231561335e-09,1.843919139593876e-07,0.4517909635789692,1117.186219943687,462.175720093,0.09587052594486
165,4.307245403456542e-06,5.4278490101842894e-06,4.569695552048557e-05,3.9530287869274616,1.5033163389771415e-09,1.0782255533932078e-08,5.95335356197658e-08,2.527938808873296,1092.9851343622431,586.5970934642,0.1604124583933
166,5.816816089445213e-07,2.013290514813933e-05,0.0001685147852568,0.8315114899538457,3.0582332029837276e-09,2.2888367564239193e-08,7.730409664648316e-08,3.5841617662459613,1103.5165865905583,560.5249083876,0.1334581561795
167,1.6507349503861646e-05,2.287398516187169e-06,3.0211077378851555e-05,2.2009881414473056,1.149260399697197e-07,2.299330486823112e-09,2.524247529513579e-08,1.760363476444036,1137.0492026442662,648.8464898764,0.03710373022944
168,2.2868917599670213e-05,2.734963814898029e-05,5.694994536726393e-05,2.8523942418396477,4.4778071041998857e-08,5.228973426472361e-09,9.064549730872815e-08,3.277445513475686,1094.428463303484,520.4352962643,0.1568261765657
169,1.5474298756440873e-06,1.2004142517789045e-06,0.0001023068412138,0.3022644533775747,5.34632918528739e-09,8.22993895640422e-09,2.8585292671725772e-08,1.4536435697227716,1145.547812152654,673.3620537469,0.01121631950298
170,6.002277746785192e-06,1.1515190787132624e-05,2.0422132721528255e-05,3.050234577804804,5.937207084050363e-10,3.0863516382875934e-08,1.2155763565474605e-07,0.636156490817666,1125.6745299091565,522.8802412468,0.07123460200903
171,0.0001704923253629,2.53835473850916e-06,0.0001160529468138,1.9322515710256996,2.2364742519497485e-08,1.2331473068217707e-09,3.790195688966229e-08,2.712307990062982,1083.9050217997285,615.3365743888,0.1821798026844
172,0.0001166279315803,1.854853007450452e-05,2.3136609074378654e-05,0.3569451143965125,1.7306973984006995e-09,1.875186041506552e-09,1.0383549124823825e-07,3.076186470501125,1101.1784840375185,505.9247843731,0.1395984921157
173,9.087897851261558e-06,1.6704753091525494e-06,0.0001311835623424,2.6775197324343027,1.4625749587924947e-08,1.868309882390237e-08,3.330141940727642e-08,1.2438263560645282,1144.0746610285714,702.3404007337,0.01570467216363
174,1.0979721198647852e-06,6.959340244736468e-06,5.015545020859735e-05,1.6518950005993247,1.452761363078422e-07,1.4056645407829249e-08,1.3922014656813996e-07,0.8464608277194201,1128.892329754308,483.9322704116,0.06168511678239
175,3.2609848416949026e-05,4.991797743206412e-06,8.989835527348722e-05,3.4546233740635217,3.865882222956901e-09,3.5488935726346e-09,4.414783061000353e-08,2.914031825773418,1076.591380382888,598.8354322291,0.1987183733218
176,1.1162774510316608e-05,1.3264076422578735e-05,0.000197463251115,3.5345084187574685,9.820980061750892e-09,1.516225291557877e-09,1.639901102014111e-07,0.1738924561068415,1118.6399151338264,584.0442075773,0.09171503880896
177,8.70305145902363e-07,3.675451373815797e-06,3.548051044364738e-05,1.4499401560053229,8.225500877531876e-08,3.798265431683395e-08,5.0220903818280535e-08,2.24146725339815,1086.2522785086185,596.4611427104,0.1766842801223
178,3.092727828660064e-06,3.967184905808994e-05,6.831220466837547e-05,2.361493041832,3.7413914166515784e-08,6.341594879638218e-09,6.875758379982328e-08,3.870153651665896,1110.8496819855643,583.1871749137,0.1136412281295
179,9.190456530978948e-05,1.380247549485427e-06,3.88228183869112e-05,0.7950090607628226,9.932400916793003e-10,4.025568187745701e-09,2.129631718373849e-08,2.0377897379919885,1133.8142354041338,618.800878616,0.04690466228293
180,8.901453298307607e-05,1.6420688340630336e-05,6.589501457505636e-05,2.7190637313760817,2.2542004295143304e-09,1.154874541442651e-09,2.9208384419288816e-08,1.8027218052186071,1128.9848567452282,652.1259827817,0.06140906932484
181,3.1361496994172056e-06,1.8588985950321927e-06,3.745270655286214e-05,0.3745979981496929,1.0736280940017509e-07,2.8904486214097713e-08,8.874753814034118e-08,3.6274967968463896,1078.179132170044,510.7368080927,0.1952027651069
182,7.985997905898399e-07,7.765499752532259e-06,0.0001772670829575,3.495869826618582,1.1783064476472668e-08,8.58430502955007e-09,3.917150402819868e-08,2.482693815231323,1100.465955492109,640.2107632362,0.1414522068053
183,1.1811073398515568e-05,4.415047639186119e-06,3.1849117663948313e-05,1.6694883750751617,1.1130818795826451e-09,5.4541234293506834e-09,1.1769843065571695e-07,0.4075340040959417,1141.926452727057,567.1342613283,0.02225405959592
184,3.161615198056041e-05,1.5008632759046966e-05,5.19911595097537e-05,1.4753441231325268,6.383259445274943e-10,2.4695800968489288e-09,5.72398969083634e-08,2.663250770512968,1109.5457436749712,608.9890698763,0.1172254786694
185,1.1132865502383817e-06,3.296486378665404e-06,9.319438855967036e-05,3.568331088963896,3.0296790497357255e-08,2.4583093778791906e-08,1.9180442195406901e-07,0.5880945697426796,1133.437894936651,457.7477850611,0.04804103209288
186,0.0001233673981638,1.557527019485351e-06,0.000146131920851,2.395256202761084,5.705720387892458e-09,2.625148928459736e-09,8.13551934985315e-08,3.324585505668074,1087.2669310774654,529.128470042,0.1742803664441
187,0.0001758830440465,8.535472900709242e-06,2.2750229149397832e-05,3.9724669490009545,1.973822500929067e-07,4.46358205317215e-09,5.280809074723698e-08,2.9573441626504064,1107.4843870475888,616.7238729754,0.1228390129614
188,5.922957617341906e-06,6.1445141005572944e-06,0.0001292771698818,1.1947346310131253,4.144278359016005e-09,7.031610886485294e-09,1.5584339429496017e-07,0.8888418502174318,1139.595093135722,486.5512080997,0.02935917846872
189,2.163147042057202e-05,2.0543826653962914e-06,0.0001060578242305,0.8750192950479686,1.9724470101247082e-08,1.4882336800793632e-09,6.608989830864269e-08,3.0309792222455143,1089.8919122992083,563.3659924861,0.1679817558838
190,1.704017867918995e-05,3.0420879551897295e-05,0.0001512794251057,0.3378724019043148,3.485036642804853e-08,3.193434820773184e-09,3.2217018288756684e-08,1.989690245874226,1122.844825941138,659.1690238494,0.07954311860403
191,5.733133612351662e-07,1.062226988052485e-06,2.7119008417056896e-05,2.8793454501777886,7.342703700904935e-10,1.2648725578800342e-08,1.0722322359252637e-07,3.821134003158659,1080.2210348192602,482.4456309913,0.1906207411605
192,4.693129394119659e-06,1.0180147514849664e-05,7.773748267486947e-05,1.9680380473844707,7.207931605749288e-09,1.9008772064294362e-08,4.3211367541741657e-08,2.288584377523512,1097.8238093899563,638.1155608592,0.1482538546783
193,6.0183317070798114e-05,2.8311182418844717e-06,4.408424137535295e-05,3.0776023510843515,7.696136304590916e-08,1.9078732268729228e-09,1.4221496242958406e-07,0.2200858788564801,1149.847759492695,521.3533758864,0.0
194,4.4923231961682206e-05,1.1818719247365846e-05,0.0001182627679084,0.6223050018772482,1.4501338543087104e-09,1.5652918623228302e-08,9.630003674885957e-08,2.092183222435415,1136.1292095622048,557.9436008066,0.03989639166595
195,3.5023549398539327e-06,2.600535362425539e-06,2.0869062471538047e-05,2.4711772409267723,1.214325056007221e-08,3.897973272169774e-09,2.6926075291733436e-08,0.2606761711649596,1103.7781867664307,596.1751731283,0.1327656878048
196,6.223222059412816e-07,2.8070229291830044e-05,0.0001005650381529,1.4298736741766334,1.1992765987139477e-07,1.6365210088395895e-09,1.2767324526456282e-07,1.8276379662565887,1093.1815568590537,466.0821194022,0.1599264330346
197,1.849273154388786e-05,1.2298083081347078e-06,5.613881806112642e-05,3.7356620964594183,3.183187917712433e-09,1.6523126036742554e-08,3.6099609039337934e-08,3.896199758909643,1116.182774398476,668.8635972123,0.09872237906121
198,2.8310295203743816e-05,2.081754166813236e-05,2.9496940036429262e-05,3.3280627158470453,5.607672110000293e-09,7.265774737001963e-09,1.7366607541731788e-07,1.1550583785399795,1083.507236931473,421.4454095422,0.1831020500138
199,2.20594990383751e-06,2.360892223072964e-06,0.0001642581999227,1.7154348691925407,4.739802481779606e-08,4.551331086897843e-09,6.323786172745926e-08,3.223616415541619,1126.44002775196,614.6021193376,0.06897212204227
200,5.330504434810695e-06,9.83593399134013e-06,4.6253812854328246e-05,2.642666589934379,2.1182555628356363e-08,1.361782581400061e-09,7.363779219988769e-08,2.8861613872461023,1146.3761630933732,611.4397887115,0.008694763534615
201,0.0001136571980722,3.864469779766891e-05,4.0827024436462654e-05,1.921611265745014,1.5340695495847287e-08,2.026243680038965e-08,1.721679033563384e-07,1.4186933723278343,1076.760668423958,417.218446932,0.198345499883
202,7.69010420422055e-06,1.3469556397941577e-06,7.20402405843232e-05,3.2458887614309786,1.8319600718072774e-09,2.005071733896988e-09,4.7812593194497246e-08,3.493912721797824,1127.9165908694267,656.1088323572,0.06459140077528
203,1.4915300895314888e-06,1.29205298944902e-05,3.349294469886055e-05,0.139098150935024,3.661534004653438e-09,2.9895935186911304e-09,7.299542357096069e-08,2.6163375448435544,1143.1640998227522,610.1568540591,0.01848051011851
204,4.236344769084292e-05,3.586758043444231e-06,0.0001869299114918,2.95622932985425,1.379503909284145e-07,1.2015995078106892e-08,2.004609380722284e-08,0.7915030148811638,1101.4312245417386,590.2005783456,0.1389389889148
205,1.3124395337389327e-05,6.731957717160232e-06,8.582225849421859e-05,2.1451491452753544,7.934509179399268e-08,2.812468195073917e-08,9.884139832013838e-08,2.309632391948253,1134.6698113251475,551.5310090244,0.04431799620713
206,8.871924769683195e-07,4.837477440741457e-06,4.780115940746408e-05,1.072365294303745,9.387277000690594e-09,1.1064028159794766e-09,3.4957469134713636e-08,0.4848015304654837,1110.5052993400022,642.0345912446,0.1145903453127
207,2.3963956013666645e-06,1.794257124071456e-05,0.0001395162544749,3.805608732253313,1.0364662344315755e-09,5.907162562926021e-09,1.310666152412424e-07,1.6030475672334432,1085.8450427651403,459.1194767989,0.1776442882148
208,6.800180476087888e-05,1.6188370013103054e-06,2.456429710672688e-05,1.2397331609390676,3.8942589274417993e-08,9.438729723340606e-09,4.6875053683189956e-08,3.678263248223812,1119.4142916472629,650.752167672,0.08949010437332
209,7.277763734553092e-05,7.319436410054985e-06,6.184865145432379e-05,0.5160754717886448,6.579551729298709e-09,1.1323330444568653e-08,1.2399013187522396e-07,3.43299562362954,1104.8780675744638,483.8535159346,0.129842348023
210,2.68544797487954e-06,4.16894330664702e-06,0.0001091482678342,2.577645258512348,5.809672556145019e-08,2.858167558168866e-09,3.7336171028129636e-08,1.3568873470649123,1138.1057140883058,689.3802176866,0.03389240637138
211,1.0008314435771638e-06,1.7384182369638835e-05,2.218077229322339e-05,1.780322290211916,2.6277859643833383e-08,2.1353890953471518e-09,9.264145500820846e-08,0.7310210710391402,1115.817746357061,545.2005065583,0.09975639008463
212,1.4117144295795622e-05,1.9715191381027314e-06,0.000123811561117,3.384975893702358,6.692472114502373e-10,2.127079823404959e-08,2.808742435978151e-08,2.5548402312211693,1091.9353271834552,624.7223399817,0.1629992296668
213,3.755586519222237e-05,3.361408251146931e-05,7.512354723964506e-05,3.678391848411411,1.1656910488234932e-09,9.908655804520697e-09,7.580852525411208e-08,0.5464141505770386,1124.317037593573,602.2314423625,0.07523151547206
214,1.3865486044480632e-06,1.472694772153489e-06,4.183651588435764e-05,1.3653432942926884,1.0261002565210649e-08,6.291311915675964e-09,2.56320996249486e-08,2.370237066410482,1082.8468082705513,581.0578980996,0.184627434129
215,7.185958464958292e-06,1.5882125857846922e-05,0.0001570942358234,2.5356034650467336,1.024986988099334e-07,1.057726649598331e-09,1.8036760546037682e-07,3.739953966997564,1095.7975593861192,421.9620854021,0.153392465416
216,0.0001014164794877,3.4946280618777248e-06,2.7655441475637696e-05,0.679709131270647,2.5890473747241843e-09,2.6502863690625338e-08,6.05714781115519e-08,1.6638419347815216,1146.5947057818994,652.3888185103,0.008029855782924
217,0.0001480384615732,2.4106071442385647e-05,0.0001849105275035,1.2971819368191064,6.683508253324678e-08,1.7409943077348958e-08,6.997592771428945e-08,0.321117078885436,1127.5491281645373,589.8613691797,0.06568359229073
218,4.7530351145897824e-06,2.174928005120454e-06,3.262551305355254e-05,3.8700796028599145,7.569147318062358e-09,1.749370149484619e-09,2.0837361956173347e-08,2.153513057250529,1075.5165895447135,544.8218112918,0.2010747856705
219,1.9570007456920616e-06,8.059668740349377e-06,6.396630538529755e-05,1.0077605423517526,8.453654203020533e-10,3.686144490853982e-09,1.6647434752462373e-07,3.956205512303859,1102.5286785094067,438.3931927629,0.1360633235997
220,2.6299102756013e-05,5.791549365203575e-06,3.5703306734263714e-05,2.0878045251593,3.3193318977401e-08,1.4590417620560412e-08,4.923540154653772e-08,1.8886590894311668,1145.1427473220974,679.2959154156,0.01245002644872
221,2.084564211026906e-05,1.0792058298697678e-05,2.5242268947795444e-05,3.013216908834875,1.8862831234432297e-08,3.223696392044137e-08,1.3683397338974405e-07,3.162479985877872,1112.1888323221356,477.331409665,0.1099337800637
222,6.698986304113383e-07,2.995891104654687e-06,0.0001405845359609,0.2040599730797112,2.1428794654182493e-09,1.2877332358679568e-09,4.513267530883352e-08,1.0949298945255577,1134.8907909123227,671.8265927072,0.04364921421386
223,3.7455140306718456e-06,2.876391543053659e-05,5.471522605064237e-05,3.180822812579572,4.33438205419347e-09,4.865346161464441e-09,1.0225684854451495e-07,0.9934435633011162,1117.2891607508063,530.5823748258,0.09557718953315
224,5.037999287573327e-05,1.0025623604466462e-06,9.634230944370123e-05,1.864757597167045,1.7159621578252504e-07,7.655898063132492e-09,3.3958309378111936e-08,2.8258432101458317,1085.187043179758,619.1947473741,0.1791896123604
225,5.5971776842546776e-05,2.6514524861406467e-05,3.446527280004539e-05,2.338268623780459,5.392365830830209e-10,1.5736350431271042e-09,4.05008824944032e-08,0.9498184576630592,1078.8371242117137,606.2483469978,0.1937337227545
226,4.161779149896059e-06,1.1595597692435494e-06,0.0001958757461751,0.7551536593586206,2.4356349772605673e-08,3.999268696061721e-08,1.1426605338448613e-07,3.01742441887036,1131.1099974205715,521.3444751661,0.05504861285382
227,5.117889972119509e-07,1.253896169098261e-05,3.9094059403625474e-05,3.6333970378153024,4.954645437914149e-08,6.674049420658467e-09,3.0477573355821895e-08,3.0923538052476944,1141.7054829187691,677.6301931397,0.02292775861395
228,1.5927758876796813e-05,2.7540494058663103e-06,7.024441322988721e-05,1.532197791710496,4.8778425338264255e-09,4.175966524385991e-09,8.540373176479107e-08,1.2598982885479928,1098.7824149662629,537.2214667766,0.14579930912
229,2.4233532493977724e-05,9.294996134182e-06,0.0001324166794288,1.6120395991951229,2.7637726562699164e-09,1.7850006040784979e-09,2.320091658876377e-08,3.76089009642601,1131.459239893593,626.0162989784,0.05399982788285
230,1.8028732601272664e-06,5.284637259206885e-06,2.3734147190045464e-05,3.431398956011981,1.259585755712941e-07,1.804254960631685e-08,8.372611747231156e-08,1.928430969361216,1108.44829948619,549.6648800026,0.1202221680443
231,6.369064443674476e-06,2.205636529581432e-05,8.753526538801398e-05,0.4392027501016855,1.3988595231055913e-08,1.3568304251868669e-08,5.484321140765924e-08,0.1598828920163214,1088.511019735597,605.6384745612,0.1713094891913
232,0.0001983249193291,2.496883627408336e-06,4.963329052583567e-05,2.7764083514921367,1.3804499958834823e-09,3.376569996069859e-09,1.992704189488385e-07,2.2274924635887148,1120.85345457308,429.727957962,0.08533479767759
233,0.0001327536437572,1.3683315899902166e-05,0.0001030346336967,3.134872599132359,4.077644173619339e-08,5.120515517861275e-09,2.3014503818676506e-08,3.5660442314110696,1139.3765401095152,636.9680994608,0.03002476333
234,9.404282961309552e-06,3.80535590458148e-06,5.855324897666261e-05,2.032568427268416,9.027731478784672e-10,8.176265177867421e-09,6.334109999063605e-08,1.7421655910089613,1105.7987136067825,592.2981270165,0.1273806758411
235,1.2480846317373123e-06,3.643704802467743e-05,0.0001127506563499,2.8149192260578277,8.966747452377893e-09,3.067671648059768e-08,5.439346932935405e-08,0.3456834631040692,1090.5523490626365,618.2196549288,0.1663789880147
236,3.379792865617945e-05,1.2722977489382177e-06,2.025467988295681e-05,0.280468272510916,9.107872481650181e-08,1.208157168210708e-09,1.5072559557156106e-07,2.4218512198887767,1114.7071284009144,462.1724506636,0.1028910348835
237,1.0535662571129248e-05,1.897618719390143e-05,4.449013601603406e-05,0.931828346196562,1.5910930204308042e-07,2.7461697882703864e-09,4.159452814620699e-08,0.6488144344650209,1081.467254157178,601.6235928078,0.1877904665844
238,7.470306891470223e-07,1.7151803247642616e-06,7.976033983386589e-05,2.285626162774861,3.491185520865971e-09,1.1025189772010463e-08,1.4843751179362966e-07,2.724986005015672,1123.2098620850593,473.7318135428,0.07847635842943
239,2.9144796992996827e-06,6.350239159542011e-06,3.0490071901965906e-05,1.12984720999375,1.588047842525439e-09,2.341507868891536e-08,3.1304124722888e-08,3.385264450497925,1147.871263069101,708.4134197999,0.004149546762885
240,7.899576634592464e-05,4.571408360719121e-06,0.0001728948343639,3.9155537711456416,1.6092177899907476e-08,2.3186073536987903e-09,1.1095449408715885e-07,1.5613819963298738,1096.723918244243,492.703909572,0.1510515880003
241,8.017881358394779e-05,6.376513611316522e-06,0.0001089564438875,0.6904071333818137,9.904928095040505e-08,8.125910505438033e-09,2.6109362309430548e-08,0.1611528252251446,1111.9899069191888,669.7826485195,0.1104861825412
242,2.9559116212892487e-06,4.5819291553590845e-06,6.174891297534579e-05,2.524891370162368,2.501431419860681e-09,5.164038206151041e-09,7.441274827217906e-08,2.2372913721948864,1135.02083607018,598.6610181324,0.04325551282704
243,7.548287993731675e-07,1.9071652747219856e-05,0.0001235939860707,1.3760452481918035,1.2350920043115023e-09,1.2175594445601167e-09,6.157355429760524e-08,3.872419649735093,1117.4559165490791,607.123178662,0.095101706226
244,1.0606609377617971e-05,1.7206599936756707e-06,2.2144999678756702e-05,3.667675801739097,1.0869792988828133e-08,3.048025480148962e-08,1.774573166933958e-07,2.0486306582577525,1085.098034562543,419.2146259902,0.1793980948042
245,3.4338582988336184e-05,3.63576199928728e-05,4.214605884225514e-05,3.3818874951452016,2.7878002869594974e-08,1.0959701124125575e-08,3.664355047495648e-08,3.078679354954511,1127.7120504993943,679.0648551364,0.06519950543361
246,1.2652497886733698e-06,1.267202894747244e-06,7.566974756525994e-05,1.7834244909696282,7.101215390381847e-10,2.7688761717555272e-09,1.2628089395524037e-07,1.2548867095261813,1075.4225452197716,455.9954683381,0.2012800764535
247,9.513758721445909e-06,1.3641233078363844e-05,2.7860063847923186e-05,2.574552908167243,6.347674407977612e-09,2.337172105528355e-09,2.7638206445011432e-08,0.8334943104535341,1102.324717119336,609.0891468665,0.1365992314047
248,0.0001336108449199,3.786722357297184e-06,0.0001582364009418,0.5191816243343055,5.605888268665557e-08,2.3259808930556444e-08,9.418764960612319e-08,2.909636511374265,1145.268959295936,570.885318959,0.01206558127169
249,0.0001958548121756,2.1968186565061635e-05,3.27194304104355e-05,1.853564546443522,4.598257373957429e-09,3.9593708977978844e-08,4.5872888464387356e-08,3.273046472482384,1124.4839509716255,651.0561173903,0.0747411452392
250,6.266309941594034e-06,2.491457179597951e-06,0.000185419180418,3.191999910864979,1.820782891980024e-07,1.580180285985079e-09,1.3460719711075018e-07,1.4406807790510356,1082.757930411026,447.3803992278,0.184832162863
251,1.7880840115548553e-06,9.24941251972055e-06,3.580607967480803e-05,0.1928708741441369,1.819788319166207e-08,4.196312890386998e-09,3.459546368847747e-08,0.6472205708734691,1095.598728978075,629.053708982,0.153893054828
252,2.401540164177146e-05,5.268345056074039e-06,6.414227195912323e-05,3.024390055332333,2.067740854675686e-09,6.609088679896837e-09,1.0038822097695233e-07,2.714797147922218,1146.7249442823231,559.0762634925,0.007633687555286
253,1.573368303364522e-05,1.2567725330526476e-05,0.0001397077724143,2.0913876817561685,8.169079288313632e-10,1.7858440191843256e-08,2.049545426449632e-08,0.4626281572505831,1104.673977661878,606.1747192068,0.1303862429214
254,5.029343393351342e-07,2.7654237579138434e-06,2.508847603339473e-05,1.004193047620356,3.207043613996066e-08,1.792821068380173e-09,7.111384713952906e-08,2.530208533536643,1138.231770717539,608.4811701061,0.03350898256968
255,4.129529975879182e-06,2.659940908779477e-05,9.574145030559804e-05,3.8736588076688343,7.08132870028525e-08,3.3922495078662812e-09,4.8342416053522964e-08,3.5799896116368477,1115.980477584526,639.7762157862,0.09929565086888
