,x1,x2,branin,currin
0,0.47510719299316406,0.592523992061615,-37.28956500488602,-6.775152872894603
1,0.5787633657455444,0.03712194040417671,-3.5451956715421797,-11.248883256307717
2,0.9506698846817017,0.8623440265655518,-112.79477957897967,-4.498715724912828
3,0.12045787274837494,0.2614422142505646,-72.27984964216625,-10.491457016947077
4,0.2149452269077301,0.9741821885108948,-36.97911761833484,-5.539428373810496
5,0.8537586331367493,0.4034951329231262,-31.65573724624171,-7.358354455045266
6,0.7420826554298401,0.6954529285430908,-106.60846602848586,-5.4401310046692215
7,0.31421536207199097,0.17245909571647644,-34.26551453198224,-12.513043550747868
8,0.2579241693019867,0.7870762944221497,-28.83712696896278,-6.425857345468163
9,0.6857621073722839,0.3411045968532562,-30.580249964692257,-8.297106006433998
10,0.7850469946861267,0.5080704689025879,-60.37407460068724,-6.574634380617891
11,0.14626486599445343,0.11034511774778366,-97.52156881671925,-12.957077820160428
12,0.04933786392211914,0.6551277041435242,-33.86347178494368,-4.188547238043148
13,0.8795186281204224,0.22499123215675354,-9.84677623707688,-9.198295611964532
14,0.5248860120773315,0.9252204895019531,-130.35440964039242,-4.823958383375989
15,0.42125919461250305,0.4490387439727783,-19.205161715465287,-8.262457165822502
16,0.38108834624290466,0.8910596370697021,-88.47024081630147,-5.430641376260963
17,0.5469710230827332,0.4773412048816681,-24.758469756479926,-7.415338377666684
18,0.9196857810020447,0.6853227019309998,-70.87359823704513,-5.313618473887962
19,0.02724916860461235,0.19284407794475555,-181.43970923489314,-5.3509710316528025
20,0.18422269821166992,0.5423562526702881,-8.35610245196909,-8.236842348545725
21,0.7602607011795044,0.08191964030265808,-19.547370201442938,-10.536883043360147
22,0.6478079557418823,0.7567582726478577,-109.7334732757979,-5.285495998263004
23,0.2827141582965851,0.37337666749954224,-19.794703172785514,-9.961900829260093
24,0.3521852493286133,0.7297067642211914,-48.22250794551509,-6.400625379061213
25,0.7173084020614624,0.14406560361385345,-19.402123451251214,-10.351188565887586
26,0.8157850503921509,0.9438970685005188,-182.24168311120067,-4.28939884646311
27,0.2397157996892929,0.435734361410141,-15.408574012845419,-9.387448825063228
28,0.08030644059181213,0.8282113075256348,-4.563533493301922,-4.63726499183821
29,0.9727743268013,0.2897164821624756,-3.511742252093545,-8.386228275605601
30,0.6189184784889221,0.6226899027824402,-66.6553616403487,-6.102282215233103
31,0.45300644636154175,0.005003844387829304,-20.004169577337134,-12.051036154069944
32,0.4576459228992462,0.8476754426956177,-92.47955056870626,-5.354131769271795
33,0.596206784248352,0.2780488431453705,-9.263447340700491,-9.313049792760395
34,0.9993866682052612,0.5719673037528992,-33.0951297797061,-5.932823610052292
35,0.07175469398498535,0.047897763550281525,-185.84557126268348,-9.639858843841324
36,0.2326422482728958,0.7179397344589233,-14.867191820682525,-6.910620339211153
37,0.8360478281974792,0.1636592447757721,-14.19240558740863,-9.900987856712401
38,0.693145215511322,0.9869359135627747,-201.87296334498294,-4.277691842812881
39,0.36317047476768494,0.38489729166030884,-18.867872288093327,-9.312200638875494
40,0.3068775534629822,0.5305663347244263,-20.56302995243474,-8.120211396149436
41,0.636822521686554,0.10150564461946487,-8.47794368120127,-10.89712600477309
42,0.7673340439796448,0.7997742295265198,-137.79033596871895,-4.900369012857819
43,0.16396012902259827,0.32253196835517883,-38.5541452616925,-10.58869741176548
44,0.0006370330229401588,0.9105314016342163,-24.898591278770716,-1.295637865978561
45,0.9282373189926147,0.46569645404815674,-25.59662465025867,-6.746776376427877
46,0.542331337928772,0.63460773229599,-52.80043182931941,-6.242296192400784
47,0.40380024909973145,0.235760897397995,-15.576100659678737,-10.955926881078891
48,0.4259008765220642,0.6667878031730652,-47.29371040929503,-6.470561110149519
49,0.5021761059761047,0.205534890294075,-2.20523390067021,-10.672941424960717
50,0.9061327576637268,0.8823190927505493,-132.87706335467172,-4.446140335049676
51,0.040788326412439346,0.49976906180381775,-70.5425218731572,-4.4752210153661744
52,0.1391897052526474,0.7674749493598938,-0.6971640203648803,-6.184647190747493
53,0.8053077459335327,0.3528791069984436,-33.40892316861057,-7.918457478711551
54,0.6615968942642212,0.5588997602462769,-62.25739662319026,-6.4307861119126555
55,0.2689077854156494,0.06731381267309189,-59.66567548238719,-13.589872960841173
56,0.338380366563797,0.9546037316322327,-90.78803278395446,-5.31191668301518
57,0.7310992479324341,0.41527727246284485,-45.40337172622221,-7.449268508814002
58,0.860834002494812,0.7463051080703735,-103.52381611176234,-5.051818842788054
59,0.19468426704406738,0.1294354349374771,-68.16238020774534,-13.457172718279532
60,0.09384352713823318,0.6041764616966248,-20.035533614926166,-6.225298930571634
61,0.9592196345329285,0.01764269918203354,-5.155617218865199,-10.215601935302828
62,0.57412189245224,0.8194350004196167,-108.65942589456876,-5.148944750385648
63,0.49781689047813416,0.31214964389801025,-5.821509843395422,-9.365499780408697
64,0.4868873059749603,0.9981994032859802,-146.4640753756574,-4.651002165943949
65,0.5671071410179138,0.3814474940299988,-14.825474979353595,-8.26111236754119
66,0.9623281359672546,0.7066161632537842,-66.26252005925082,-5.179513932361498
67,0.10867936909198761,0.16717101633548737,-107.20339728023507,-11.222256967993935
68,0.19535231590270996,0.56741863489151,-7.190951464503993,-8.053050095801677
69,0.8732274770736694,0.06025964766740799,-8.138047084450735,-10.323407109930542
70,0.7226120233535767,0.8522861003875732,-154.9290061175703,-4.734224414750616
71,0.3338060677051544,0.2656268775463104,-23.619160398968994,-11.079715954143142
72,0.27739596366882324,0.6303032040596008,-20.529334148255316,-7.414481083141756
73,0.6661702394485474,0.24787862598896027,-18.628619363401945,-9.414686347323185
74,0.8046406507492065,0.9148979187011719,-173.49659638024448,-4.40160675963687
75,0.12679527699947357,0.4535186290740967,-29.221028812633346,-8.375511915824125
76,0.03767886757850647,0.8107935786247253,-19.182308869199986,-3.1244396158568417
77,0.8912978768348694,0.3193263113498688,-14.63751023266221,-8.146930331769028
78,0.5131047368049622,0.5194869041442871,-27.800699167468974,-7.1873328963274545
79,0.4329165816307068,0.10477329045534134,-16.211287112402626,-12.104884521826554
80,0.392749547958374,0.5477621555328369,-28.511383906270588,-7.5088782901152396
81,0.5351935625076294,0.07063772529363632,-2.164898737998894,-11.482193805670727
82,0.9314688444137573,0.7786726355552673,-92.76865100207137,-4.854704583009319
83,0.015593988820910454,0.34949320554733276,-137.69910953064414,-3.5091369729924398
84,0.16474929451942444,0.8864977359771729,-8.13175209967829,-5.799291742871344
85,0.7798505425453186,0.4877772033214569,-56.99666286391311,-6.740017055518071
86,0.6282122731208801,0.6625471711158752,-78.67228392022572,-5.835387989206875
87,0.302182137966156,0.21758681535720825,-30.87944022405472,-12.004016439751593
88,0.37177976965904236,0.8238577842712402,-70.36173070680786,-5.790980099259117
89,0.6978415846824646,0.2999136447906494,-27.729038371482517,-8.717622322556483
90,0.8352577090263367,0.5996916890144348,-71.67019164889615,-5.877619908235073
91,0.2201267033815384,0.029938777908682823,-83.18942520947854,-13.797580975209035
92,0.06852412223815918,0.7349233627319336,-14.654275293239172,-4.640871436616859
93,0.9844287633895874,0.13300347328186035,-1.5663029631595524,-9.954694385289445
94,0.6072584390640259,0.9660455584526062,-169.65131678201504,-4.488176915935561
95,0.4647827446460724,0.411647230386734,-14.151840740073688,-8.411863397237092
96,0.43817824125289917,0.6920028924942017,-53.06175367503543,-6.259340823645993
97,0.6158023476600647,0.1837223619222641,-6.998213672682773,-10.340836252145293
98,0.9797967076301575,0.9776942133903503,-143.5839670496655,-4.082039392327541
99,0.09122840315103531,0.39217180013656616,-59.302557705385475,-7.861249451684057
100,0.24429771304130554,0.8747061491012573,-34.9396747960942,-5.980004404841152
101,0.824264645576477,0.2568937838077545,-21.114265066194534,-8.92642973015726
102,0.7049225568771362,0.5801017880439758,-74.42601325412319,-6.194080945583503
103,0.35150957107543945,0.041732367128133774,-43.74688113014874,-12.910124515392761
104,0.29510095715522766,0.9373384714126587,-68.54494442434226,-5.540883346377091
105,0.6484826803207397,0.44473445415496826,-38.315263220318855,-7.378015029328225
106,0.755679726600647,0.642949640750885,-92.55898570161112,-5.714733405593106
107,0.17574214935302734,0.22935751080513,-52.7723181676761,-12.059167717317246
108,0.020225832238793373,0.5048645734786987,-86.43720336371992,-3.1947660788520826
109,0.9087647795677185,0.12136422842741013,-3.268630973454213,-10.107299250504308
110,0.5617982745170593,0.7903441786766052,-96.67341104591735,-5.3159961428124145
111,0.3842054009437561,0.33002540469169617,-16.947577956351317,-9.845000201139328
112,0.4063098728656769,0.7600824236869812,-63.24212449400827,-5.9904314086255015
113,0.5216468572616577,0.3622393012046814,-9.27721404676328,-8.663686639398936
114,0.8866640329360962,0.5389701128005981,-46.75312515889475,-6.229937432116524
115,0.06038094311952591,0.09311709553003311,-180.92807985780036,-8.731512894517156
116,0.15096791088581085,0.6733306050300598,-2.668173675365617,-6.920033350887816
117,0.7936496138572693,0.19702249765396118,-20.994770516361687,-9.650520685349461
118,0.6732532382011414,0.9031118154525757,-164.9864731189871,-4.605594698569678
119,0.2571273744106293,0.47310081124305725,-14.777713998709464,-8.91946933842848
120,0.32672327756881714,0.6104536652565002,-28.541346931901142,-7.343065935272486
121,0.7428804039955139,0.00942639447748661,-20.42342933305209,-10.607688902702234
122,0.8490546345710754,0.8405076265335083,-136.3207076587317,-4.648112985726603
123,0.20634356141090393,0.28523194789886475,-34.12014815324271,-11.398910465060052
124,0.11331341415643692,0.9474653601646423,-2.928251183257151,-4.92928512869522
125,0.9396258592605591,0.42435285449028015,-18.18025680842802,-7.085529528372708
126,0.593713641166687,0.7260764837265015,-86.54513573733753,-5.561440328996778
127,0.4783453941345215,0.15550720691680908,-5.210557646125311,-11.387895432718594
128,0.48323896527290344,0.8034156560897827,-84.56162251439494,-5.480810441755519
129,0.5868648886680603,0.32623016834259033,-11.894950128897753,-8.787142013496096
130,0.9425360560417175,0.526391327381134,-32.736355827729824,-6.275053327662347
131,0.1123543232679367,0.09739498049020767,-126.74252358162354,-11.90916604198031
132,0.20733201503753662,0.638290524482727,-6.997564355062425,-7.489581936238303
133,0.8461151123046875,0.2393869012594223,-16.34580752354821,-9.08736581379881
134,0.7496979236602783,0.9064056277275085,-175.7728221779435,-4.489529454803041
135,0.3218608796596527,0.46150633692741394,-19.876161648455835,-8.716327075104504
136,0.2502785921096802,0.5761541128158569,-13.276514871233214,-7.951975202917021
137,0.6781468391418457,0.05202684551477432,-14.458091271526909,-10.814338431393544
138,0.7926905155181885,0.8440536856651306,-149.9945417077352,-4.684889958814039
139,0.1538781076669693,0.274361789226532,-51.8312074916024,-11.119292703593047
140,0.05744143947958946,0.9910498857498169,-4.790485109794021,-3.3810223655263796
141,0.8876524567604065,0.38906899094581604,-22.85468625890138,-7.453628225960526
142,0.5167844891548157,0.7142372727394104,-66.97018952174393,-5.84260025000995
143,0.4131273627281189,0.1600220650434494,-17.04066618655897,-11.826552673309505
144,0.38906967639923096,0.7426679730415344,-57.14589791100912,-6.161624201671706
145,0.5549826622009277,0.1257329285144806,-0.621234549576382,-11.163853560682242
146,0.9117062091827393,0.9587754011154175,-158.37195593334354,-4.173558878377718
147,0.01923932135105133,0.4193912744522095,-111.49887564575687,-3.470371019050366
148,0.17669937014579773,0.8157479166984558,-6.437531418001942,-6.2350333919976935
149,0.7527676224708557,0.3085279166698456,-32.04605647774153,-8.4878282552472
150,0.6553295254707336,0.6083055734634399,-71.93520941131177,-6.109395922718778
151,0.2902054190635681,0.021829478442668915,-63.30853376862322,-13.44208913197781
152,0.3446939289569855,0.8781289458274841,-74.80765878097269,-5.631355261824106
153,0.7097868323326111,0.4956433176994324,-57.44513256757003,-6.8026982277807795
154,0.8232780694961548,0.6704138517379761,-91.65304385211427,-5.474851870646589
155,0.2472391575574875,0.2092176377773285,-38.99076928484562,-12.464196992867736
156,0.08831632137298584,0.554789125919342,-29.532037498459662,-6.3774754157467965
157,0.9807538986206055,0.06313877552747726,-3.9585429553835203,-10.191652575698217
158,0.6109068393707275,0.7711731195449829,-104.08682777745378,-5.2916827009252625
159,0.4450250566005707,0.35652056336402893,-11.72557948841067,-9.13291306233954
160,0.46577996015548706,0.5117531418800354,-24.85511361532179,-7.454967259470916
161,0.6043100953102112,0.11397107690572739,-4.208208278102701,-10.983948421204467
162,0.9912546277046204,0.7829506397247314,-79.99230542142024,-4.807739548914825
163,0.06365343183279037,0.3369145393371582,-94.27691079133632,-6.98374908286327
164,0.22502721846103668,0.9288620352745056,-34.547300509685414,-5.741104143463835
165,0.828402042388916,0.4527370035648346,-44.080594183790545,-6.9568396044215
166,0.7007582187652588,0.6509525775909424,-91.04618803506673,-5.756005450184804
167,0.3708142042160034,0.22088052332401276,-21.483416823427376,-11.412821310015373
168,0.2992337644100189,0.8664581179618835,-56.18346225786289,-5.861770770113381
169,0.6292095184326172,0.26561397314071655,-13.665410349626153,-9.333506043345594
170,0.774979829788208,0.5888214111328125,-78.43593278739935,-6.021538093698095
171,0.17157518863677979,0.033484719693660736,-105.16461119503519,-13.547168818536687
172,0.008738327771425247,0.699639618396759,-51.401996085729664,-1.9950950436642376
173,0.9363693594932556,0.17658811807632446,-1.3059000562822742,-9.636698727793757
174,0.5342280268669128,0.9705605506896973,-148.8614448003918,-4.628948113389094
175,0.3956661522388458,0.3998081386089325,-17.58510711015843,-8.934227008056233
176,0.43388018012046814,0.9402101039886475,-114.83816122024743,-5.032100118563569
177,0.5101861953735352,0.4321126937866211,-15.92153942616443,-7.985727899432236
178,0.8981516361236572,0.733835756778717,-89.42025236382577,-5.0833204979144835
179,0.03277646750211716,0.14825233817100525,-192.39443830863345,-6.105325479695681
180,0.13166789710521698,0.6190526485443115,-7.811115370894204,-7.036544154905508
181,0.7978166937828064,0.001301298849284649,-18.79362098708406,-10.469367705682966
182,0.6691204905509949,0.8323830962181091,-139.05547067349892,-4.89870210221287
183,0.2764005959033966,0.293830543756485,-25.586051334401922,-11.075647519005546
184,0.33088749647140503,0.6812119483947754,-36.898050640457875,-6.809698892848287
185,0.7235756516456604,0.18866899609565735,-21.687748283984014,-9.910811583733022
186,0.8683250546455383,0.8947579264640808,-149.36008871244258,-4.424039100754336
187,0.2022061049938202,0.4809827208518982,-12.129674636128955,-8.905067034827379
188,0.10185541957616806,0.752568244934082,-4.139983022983879,-5.576012121122409
189,0.967200756072998,0.36925098299980164,-9.387146725391869,-7.572324039228629
190,0.5661118030548096,0.5459821820259094,-39.072869035597776,-6.787200092008273
191,0.48983752727508545,0.08560235053300858,-6.130801470411472,-11.749439430367726
192,0.4948991537094116,0.646652102470398,-48.98384467799981,-6.326555163691098
193,0.5750882625579834,0.2329946756362915,-3.961382677979575,-9.95020359692272
194,0.9543180465698242,0.9332244992256165,-135.35480681574475,-4.239352641945961
195,0.10070003569126129,0.44056275486946106,-43.46138057773162,-7.754653240907935
196,0.18785950541496277,0.7939659357070923,-7.806566952330499,-6.403840925208764
197,0.8657038807868958,0.33371245861053467,-20.83054025754751,-8.027462558265178
198,0.730103075504303,0.500677764415741,-60.122321592189124,-6.723342815785227
199,0.34132784605026245,0.11723513901233673,-35.95571413856068,-12.81912380265699
200,0.26987412571907043,0.9818199872970581,-65.91348448407899,-5.423809322261968
201,0.658679187297821,0.39636191725730896,-33.09431923669614,-7.804242550650629
202,0.8121642470359802,0.6883201003074646,-98.63329223634894,-5.389840638539254
203,0.13428811728954315,0.1800963282585144,-85.19108749814052,-11.983301096817602
204,0.045658230781555176,0.5842767953872681,-48.65261131273634,-4.324660893472885
205,0.8993079662322998,0.04584302380681038,-5.5347524538478945,-10.286916774181552
206,0.5051236152648926,0.8710647225379944,-108.17159268535278,-5.101430053377356
207,0.4249046742916107,0.253195583820343,-11.948975266416506,-10.569553403053499
208,0.4008508026599884,0.8368094563484192,-79.58949741674456,-5.611127297486085
209,0.5433256030082703,0.2815904915332794,-4.221472639257909,-9.505511601034728
210,0.9233655333518982,0.6145642995834351,-53.566657994322256,-5.709613952611766
211,0.0074599264189600945,0.013601426035165787,-289.3110266734651,-3.774751463812211
212,0.15710556507110596,0.7224504351615906,-1.6395372430577986,-6.6553565226554445
213,0.7722375392913818,0.15182442963123322,-20.50885693391718,-10.138863852192824
214,0.6358580589294434,0.9516555070877075,-173.11813266049964,-4.4876711186048075
215,0.30979713797569275,0.4284785985946655,-19.032644859023073,-9.145812596042644
216,0.36416471004486084,0.534841001033783,-26.051963908881937,-7.7720554878789265
217,0.6901957988739014,0.08893031626939774,-15.761593031535636,-10.733477700031779
218,0.8428707122802734,0.7637695074081421,-113.50304394315938,-4.985260856000949
219,0.22777046263217926,0.36586102843284607,-21.142080816729685,-10.272168931167203
220,0.0766582190990448,0.8989401459693909,-3.0209101559270373,-4.260199637489261
221,0.9925320744514465,0.4689868092536926,-18.560589104024764,-6.6781714942476205
222,0.599126398563385,0.6769677400588989,-74.97107671554456,-5.821129171952578
223,0.45668143033981323,0.20072497427463531,-7.588532024061305,-11.02726780000532
224,0.4461880624294281,0.9185195565223694,-110.87767372806941,-5.080850981008324
225,0.6237819194793701,0.4572056233882904,-35.17174879103975,-7.336927471689169
226,0.9717850685119629,0.6261165142059326,-46.55227702068612,-5.61220711982465
227,0.08324705809354782,0.24374961853027344,-104.78617929785075,-9.082873932388479
228,0.23680643737316132,0.5231894850730896,-11.70616414755868,-8.47065320959491
229,0.8167430758476257,0.10841051489114761,-15.584316034209504,-10.325123679787017
230,0.7124156355857849,0.8066794872283936,-138.3516773740525,-4.942428052467128
231,0.35903289914131165,0.3151545524597168,-19.357597283659874,-10.214492135947419
232,0.2875775694847107,0.710791289806366,-29.738751711521367,-6.800270278686502
233,0.6409896016120911,0.17128175497055054,-10.416866972888213,-10.367764436194705
234,0.7632012963294983,0.9945578575134277,-210.17731892494058,-4.169700810444574
235,0.18323346972465515,0.3777492344379425,-24.860200373558875,-10.030620780513493
236,0.0282072052359581,0.8564117550849915,-18.58968474403533,-2.5994596679699926
237,0.9167764186859131,0.26981693506240845,-6.825094296327274,-8.654960707136466
238,0.5538187026977539,0.5637359619140625,-40.30393034631571,-6.6945874376417125
239,0.3761955499649048,0.056633688509464264,-35.16266731384071,-12.687383807790184
240,0.4144133925437927,0.5960657596588135,-35.28831599227305,-7.017579250002064
241,0.5297806859016418,0.026256076991558075,-4.733282345328061,-11.524572271015083
242,0.8785625100135803,0.8280478119850159,-123.50032370838177,-4.676832524896577
243,0.052249159663915634,0.30403932929039,-114.55429244819621,-6.534189100419302
244,0.14332236349582672,0.9623472690582275,-8.923036009835334,-5.278677346933309
245,0.786034345626831,0.4080057144165039,-43.10040602756873,-7.414473535139423
246,0.6808967590332031,0.739034116268158,-112.0635532000613,-5.312212769644115
247,0.26474058628082275,0.13717858493328094,-47.63209566467249,-13.269038545751483
248,0.3191100060939789,0.774500846862793,-47.17918539455486,-6.27824785959862
249,0.7352368831634521,0.34537914395332336,-35.94230011520607,-8.130370796320479
250,0.8566699028015137,0.5513994097709656,-56.33164531232506,-6.17245200644847
251,0.21398913860321045,0.07434027642011642,-74.30076666371528,-13.781465180445116
252,0.12144523113965988,0.6584181785583496,-6.590377375215459,-6.569309173642015
253,0.947727382183075,0.21340011060237885,-1.410377233338595,-9.245304081724765
254,0.5855798125267029,0.8901847004890442,-135.1418687668898,-4.819225539739308
255,0.47024181485176086,0.4913988709449768,-22.30769483152486,-7.6125780643150245
