Unnamed: 0.2,Unnamed: 0.1,Unnamed: 0,Nr,T1,T2,t1,t2,c,sigma_pc,tges,cfrac,M_sigma_pc_0,M_sigma_pc_1,M_sigma_pc_2,M_sigma_pc_3,M_sigma_pc_4,M_sigma_pc_5,M_sigma_pc_6,M_sigma_pc_7,M_sigma_pc_8,M_sigma_pc_9,M_cfrac_0,M_cfrac_1,M_cfrac_2,M_cfrac_3,M_cfrac_4,M_cfrac_5,M_cfrac_6,M_cfrac_7,M_cfrac_8,M_cfrac_9
16180,16180,16180,16180.0,391.41845703125,387.34130859375,2.072474161783854,4.436394246419271,0.0029903564453125,238.5484294686488,6.508868408203124,-0.0113237260339731,212.4285430908203,209.87579345703125,199.6902313232422,172.2107696533203,194.9835205078125,196.8988037109375,158.37472534179688,195.1958770751953,152.19671630859375,96.56575012207033,0.0117734847590327,0.0116562657058238,0.0116110406816005,0.0116078732535243,0.0126536516472697,0.0098907817155122,0.0098907817155122,0.0098907817155122,0.0062663699500262,0.0062663699500262
16181,16181,16181,16181.0,491.41845703125,487.34130859375,4.564140828450521,1.944727579752604,0.0019903564453125,2.747295199770775,6.508868408203125,-0.0019137252959843,12.19596004486084,16.76321792602539,17.355928421020508,17.945987701416016,34.61900329589844,55.33992385864258,83.962158203125,86.47417449951172,101.30087280273438,96.56575012207033,0.005268455017358,0.0052335746586322,0.0052542835474014,0.0062199914827942,0.0056057232432067,0.0065832221880555,0.0065832221880555,0.0065832221880555,0.0062663699500262,0.0062663699500262
16182,16182,16182,16182.0,441.41845703125,337.34130859375,0.8266408284505209,3.1905609130859376,0.0014903564453125,120.48649196308946,4.017201741536459,-0.0051438727623491,52.23408508300781,40.83405303955078,49.80644607543945,44.4947624206543,50.20679473876953,38.4555549621582,69.99127197265625,48.48473358154297,75.85295104980469,96.56575012207033,0.0033199642784893,0.0033947832416743,0.0031473631970584,0.0035260510630905,0.0031430423259735,0.0049294424243271,0.0049294424243271,0.0049294424243271,0.0062663699500262,0.0062663699500262
16183,16183,16183,16183.0,341.41845703125,437.34130859375,3.318307495117188,0.6988942464192709,0.0024903564453125,204.14560612108056,4.017201741536459,-0.0087335608915302,187.7426605224609,180.53189086914065,159.87355041503906,165.1147003173828,139.42166137695312,179.48526000976562,151.20938110351562,135.37789916992188,126.74879455566406,96.56575012207033,0.008685995824635,0.0087471576407551,0.0095041207969188,0.0089139323681592,0.008775926195085,0.0082370014861226,0.0082370014861226,0.0082370014861226,0.0062663699500262,0.0062663699500262
16184,16184,16184,16184.0,328.91845703125,374.84130859375,1.138099161783854,2.2561859130859374,0.0011153564453125,37.918097140822425,3.394285074869792,-0.0021190779571544,54.20536804199219,60.68792343139648,42.58044052124024,66.751220703125,41.01835250854492,38.79096984863281,70.29584503173828,27.155141830444336,56.76700592041016,96.56575012207033,0.0026151423808187,0.0021904655732214,0.0023707670625299,0.0015055955154821,0.0017603430896997,0.0036891074851155,0.0036891074851155,0.0036891074851155,0.0062663699500262,0.0062663699500262
16185,16185,16185,16185.0,428.91845703125,474.84130859375,3.629765828450521,4.747852579752604,0.0021153564453125,61.34859246034582,8.377618408203125,-0.0068224686610876,43.14652633666992,57.17218399047852,52.49016189575195,51.59788131713867,54.068321228027344,82.05355834960938,102.2381591796875,97.67689514160156,107.66284942626952,96.56575012207033,0.0066862166859209,0.0066658919677138,0.0065846075303852,0.0068934769369661,0.0063319439068436,0.0069966670125722,0.0069966670125722,0.0069966670125722,0.0062663699500262,0.0062663699500262
16186,16186,16186,16186.0,478.91845703125,324.84130859375,2.3839324951171874,1.0103525797526045,0.0026153564453125,44.90766385363375,3.394285074869792,-0.008828729581535,55.190242767333984,77.31350708007812,82.2684326171875,101.76561737060548,141.65057373046875,100.60472869873048,113.20706176757812,149.30917358398438,133.11077880859375,96.56575012207033,0.0095468387007713,0.0095469057559967,0.0086915278807282,0.0095874173566699,0.0096790278330445,0.0086504463106393,0.0086504463106393,0.0086504463106393,0.0062663699500262,0.0062663699500262
16187,16187,16187,16187.0,378.91845703125,424.84130859375,4.875599161783854,3.502019246419271,0.0016153564453125,72.49354300381367,8.377618408203125,-0.0055363337753728,63.56201934814453,70.72550201416016,66.34168243408203,62.04353332519531,50.46775436401367,61.3091049194336,88.37446594238281,56.95888137817383,82.21492767333984,96.56575012207033,0.0049646953120827,0.0046551865525543,0.0044776871800422,0.0041995360516011,0.0036923824809491,0.0053428872488439,0.0053428872488439,0.0053428872488439,0.0062663699500262,0.0062663699500262
16188,16188,16188,16188.0,353.91845703125,349.84130859375,3.006849161783854,2.879102579752604,0.0018653564453125,148.05732538246758,5.885951741536458,-0.0071164152777615,140.41050720214844,138.71910095214844,143.25299072265625,136.16702270507812,113.76201629638672,93.71238708496094,109.26040649414062,75.95360565185547,94.93888854980467,96.56575012207033,0.0068818321451544,0.0064916587434709,0.006066876463592,0.0055465064942836,0.0049237231723964,0.0061697768978774,0.0061697768978774,0.0061697768978774,0.0062663699500262,0.0062663699500262
16189,16189,16189,16189.0,453.91845703125,449.84130859375,0.5151824951171875,0.3874359130859375,0.0028653564453125,108.7397000158648,0.902618408203125,-0.0102060427489842,97.17819213867188,92.06751251220705,75.17799377441406,82.46874237060547,98.69728088378906,134.4254150390625,130.8594207763672,179.21817016601562,145.83473205566406,96.56575012207033,0.0098360078409314,0.009975304827094,0.010280717164278,0.0109343882650136,0.0116178896278142,0.0094773359596729,0.0094773359596729,0.0094773359596729,0.0062663699500262,0.0062663699500262
16190,16190,16190,16190.0,403.91845703125,399.84130859375,4.252682495117187,4.124935913085937,0.0023653564453125,141.1559403979104,8.377618408203125,-0.0087635590193069,129.95350646972656,126.73794555664062,122.45641326904295,107.09744262695312,107.51094818115234,115.68726348876952,121.39675903320312,122.12875366210938,120.38681030273438,96.56575012207033,0.0087909884750843,0.0085549335926771,0.0081737972795963,0.0082404473796486,0.0079170456156134,0.0078235566616058,0.0078235566616058,0.0078235566616058,0.0062663699500262,0.0062663699500262
16191,16191,16191,16191.0,303.91845703125,499.84130859375,1.7610158284505208,1.6332692464192708,0.0013653564453125,44.89498072083798,3.394285074869792,-0.0032973106666932,45.83747100830078,45.72354888916016,39.43857192993164,76.28813934326172,40.4888916015625,68.08598327636719,93.13076782226562,40.69272994995117,69.490966796875,96.56575012207033,0.0036530348006635,0.0034959993790835,0.0039599565789103,0.0028525658417493,0.0026379225309938,0.0045159975998103,0.0045159975998103,0.0045159975998103,0.0062663699500262,0.0062663699500262
16192,16192,16192,16192.0,305.48095703125,367.02880859375,4.2137502034505205,4.708920288085937,0.0016622314453125,182.508532802806,8.922670491536458,-0.006158482029687,151.04457092285156,144.4375762939453,136.87782287597656,163.6454620361328,110.16322326660156,99.8836669921875,112.8006362915039,60.31255340576172,84.60066986083984,96.56575012207033,0.0067366189323365,0.0062275468371808,0.0055122878402471,0.0044520930387079,0.0039097853004932,0.005497929174453,0.005497929174453,0.005497929174453,0.0062663699500262,0.0062663699500262
16193,16193,16193,16193.0,405.48095703125,467.02880859375,1.722083536783854,2.21725362141927,0.0026622314453125,106.49145896275584,3.939337158203125,-0.0091017353118677,110.22101593017578,110.46037292480467,96.6156768798828,99.77598571777344,99.05709075927734,145.422119140625,136.10671997070312,154.7092742919922,135.49652099609375,96.56575012207033,0.0090981572866439,0.0092130722478032,0.0097261285409331,0.0098399743437767,0.0100290905684232,0.0088054882362484,0.0088054882362484,0.0088054882362484,0.0062663699500262,0.0062663699500262
16194,16194,16194,16194.0,455.48095703125,317.02880859375,2.9679168701171874,3.463086954752604,0.0021622314453125,33.55589459566449,6.431003824869792,-0.0073857599475665,89.62418365478516,75.31995391845703,90.33086395263672,91.5011215209961,112.3799057006836,76.02276611328125,98.4093017578125,102.05377960205078,110.04859161376952,96.56575012207033,0.007342642173171,0.0075237322598695,0.0065477495081722,0.0071460339240729,0.0066156769171357,0.0071517089381814,0.0071517089381814,0.0071517089381814,0.0062663699500262,0.0062663699500262
16195,16195,16195,16195.0,355.48095703125,417.02880859375,0.4762502034505208,0.9714202880859376,0.0011622314453125,20.914135039450542,1.4476704915364584,-0.0015512351286454,43.050540924072266,47.18134307861328,34.87265396118164,41.64142608642578,30.80652236938477,36.060546875,67.7767105102539,29.485599517822266,59.15275192260742,96.56575012207033,0.0017990752821788,0.0017953848000615,0.0023339092731475,0.0017581525025889,0.0019114158349111,0.0038441494107246,0.0038441494107246,0.0038441494107246,0.0062663699500262,0.0062663699500262
16196,16196,16196,16196.0,380.48095703125,342.02880859375,2.3450002034505206,0.3485036214192708,0.0014122314453125,42.99003241758224,2.693503824869792,-0.0033958047990434,56.53371047973633,67.39879608154297,71.83995056152344,71.44305419921875,59.025917053222656,46.47566986083984,76.94442749023438,43.534793853759766,71.876708984375,96.56575012207033,0.0031654059421271,0.002652904484421,0.003387369448319,0.0031051228288561,0.0028221604879945,0.0046710390597581,0.0046710390597581,0.0046710390597581,0.0062663699500262,0.0062663699500262
16197,16197,16197,16197.0,480.48095703125,442.02880859375,4.836666870117187,2.8401702880859374,0.0024122314453125,28.663782969330377,7.676837158203124,-0.0085553356583994,55.07080459594727,47.66499710083008,41.13984298706055,48.940162658691406,64.65567779541016,85.0286636352539,104.07514190673828,127.01724243164062,122.77255249023438,96.56575012207033,0.0079655088484287,0.0078249489888548,0.0076012099161744,0.0084930043667554,0.0082339439541101,0.0079785985872149,0.0079785985872149,0.0079785985872149,0.0062663699500262,0.0062663699500262
16198,16198,16198,16198.0,430.48095703125,392.02880859375,1.0991668701171875,1.594336954752604,0.0029122314453125,176.0222558703111,2.693503824869792,-0.0110147669466768,146.86904907226562,151.99130249023438,136.74014282226562,124.7328109741211,149.25543212890625,154.39158630371094,140.24136352539062,185.1298675537109,148.22047424316406,96.56575012207033,0.0110329268500208,0.0109061049297451,0.0107795884832739,0.0111869443207979,0.0120011186227202,0.009632377885282,0.009632377885282,0.009632377885282,0.0062663699500262,0.0062663699500262
16199,16199,16199,16199.0,330.48095703125,492.02880859375,3.590833536783854,4.086003621419271,0.0019122314453125,51.94307549624772,7.676837158203124,-0.0056776152626919,46.85076522827149,65.52787017822266,74.42352294921875,103.98576354980467,69.31531524658203,112.94520568847656,119.9494400024414,79.81887817382812,97.32463073730467,96.56575012207033,0.006221923045814,0.0062457704916596,0.0065657482482492,0.0057990634813904,0.0051742908544838,0.0063248188234865,0.0063248188234865,0.0063248188234865,0.0062663699500262,0.0062663699500262
16200,16200,16200,16200.0,342.98095703125,304.52880859375,0.7877085367838542,2.528711954752604,0.0025372314453125,269.66546374795314,3.316420491536458,-0.0099418088140793,259.2850341796875,273.22637939453125,293.0445556640625,266.37603759765625,295.76422119140625,184.61199951171875,153.3537139892578,140.52218627929688,129.13453674316406,96.56575012207033,0.0092700142413377,0.010357279330492,0.0097351279109716,0.009166489355266,0.0091094067320227,0.0083920434117317,0.0083920434117317,0.0083920434117317,0.0062663699500262,0.0062663699500262
16201,16201,16201,16201.0,442.98095703125,404.52880859375,3.279375203450521,0.0370452880859375,0.0015372314453125,4.673559666414085,3.316420491536458,-0.0005694632568777,27.28238105773925,36.24103546142578,39.14127731323242,29.249685287475582,36.88346481323242,40.62451171875,71.9380111694336,51.58260345458984,78.23869323730469,96.56575012207033,0.0033551498781889,0.0030699803028255,0.0033783700782805,0.0037786080501973,0.0033438629470765,0.0050844843499362,0.0050844843499362,0.0050844843499362,0.0062663699500262,0.0062663699500262
16202,16202,16202,16202.0,492.98095703125,354.52880859375,2.033541870117188,3.7745452880859376,0.0010372314453125,15.806826084831622,5.808087158203126,-0.0002500185562524,36.32962417602539,6.244349956512451,6.89410924911499,-4.511697292327881,17.65266227722168,14.93381690979004,43.61639022827149,23.48421669006348,52.790771484375,96.56575012207033,-0.0009355858201161,-0.0006782336276955,0.0001999912346946,0.0010846672812476,0.0015223737573251,0.0034307045862078,0.0034307045862078,0.0034307045862078,0.0062663699500262,0.0062663699500262
16203,16203,16203,16203.0,392.98095703125,454.52880859375,4.525208536783854,1.282878621419271,0.0020372314453125,99.99228112044318,5.808087158203125,-0.0067916236146037,88.22232818603516,85.60477447509766,76.66764068603516,73.75045776367188,65.19842529296875,90.66036987304688,107.46649169921876,90.5952606201172,103.68661499023438,96.56575012207033,0.006491576321423,0.0063900691457092,0.0065567488782107,0.006472548469901,0.0058728740550577,0.0067382636480033,0.0067382636480033,0.0067382636480033,0.0062663699500262,0.0062663699500262
16204,16204,16204,16204.0,367.98095703125,379.52880859375,2.656458536783854,1.9057952880859368,0.0022872314453125,184.43207879382632,4.562253824869791,-0.0085941537099983,173.32415771484375,169.89488220214844,163.23602294921875,145.09483337402344,134.431884765625,130.3314666748047,128.85134887695312,114.1944351196289,116.41057586669922,96.56575012207033,0.0085171489045023,0.0082592312246561,0.0081459386274218,0.0078195193782448,0.0074027003720402,0.0075651537626981,0.0075651537626981,0.0075651537626981,0.0062663699500262,0.0062663699500262
16205,16205,16205,16205.0,467.98095703125,479.52880859375,0.1647918701171875,4.397461954752604,0.0012872314453125,7.136191571314604e-05,4.562253824869791,-6.16936480977662e-13,-16.296594619750977,10.40264129638672,11.618090629577637,-3.5036001205444336,16.491104125976562,25.52329063415528,57.02071380615234,36.16912460327149,65.51473236083984,96.56575012207033,0.001392304082401,0.001519129727967,0.0017891806783154,0.0024316376075148,0.0023446781560778,0.0042575942352414,0.0042575942352414,0.0042575942352414,0.0062663699500262,0.0062663699500262
16206,16206,16206,16206.0,417.98095703125,329.52880859375,3.902291870117188,0.6599619547526042,0.0017872314453125,42.35033382450555,4.562253824869792,-0.0063486010455727,64.86418151855469,76.46914672851562,92.28064727783205,83.06392669677734,84.3886489868164,61.67772674560547,88.6397476196289,69.72464752197266,90.96265411376952,96.56575012207033,0.0051736976020038,0.0049389023333787,0.0049675595946609,0.0051255784928798,0.0045199282467365,0.0059113739989697,0.0059113739989697,0.0059113739989697,0.0062663699500262,0.0062663699500262
16207,16207,16207,16207.0,317.98095703125,429.52880859375,1.410625203450521,3.151628621419271,0.0027872314453125,163.11698791259596,4.562253824869792,-0.0101065740289183,216.58447265625,208.3079833984375,220.91905212402344,235.7382202148437,208.7283630371093,259.1932067871094,181.7088623046875,169.57850646972656,141.85848999023438,96.56575012207033,0.0100028542801737,0.0102265132591128,0.0113243171945214,0.0105134593322873,0.010992994531989,0.0092189330607652,0.0092189330607652,0.0092189330607652,0.0062663699500262,0.0062663699500262
16208,16208,16208,16208.0,324.23095703125,335.77880859375,3.4351043701171875,1.7500661214192708,0.0012247314453125,75.72179185388569,5.185170491536458,-0.0023719548189035,76.7044677734375,81.37845611572266,69.23284912109375,99.8927993774414,63.42908477783203,48.134063720703125,78.3051986694336,32.742095947265625,62.333740234375,96.56575012207033,0.0031473750714212,0.0026075020432472,0.0029990712646394,0.0020948951132595,0.0021225195378065,0.004050871822983,0.004050871822983,0.004050871822983,0.0062663699500262,0.0062663699500262
16209,16209,16209,16209.0,424.23095703125,435.77880859375,0.9434377034505208,4.241732788085938,0.0022247314453125,83.53583580057267,5.185170491536459,-0.0078459057835564,81.98512268066406,83.16326904296875,77.4260482788086,70.72763061523438,72.58393096923828,92.77484130859376,108.71248626708984,108.0388412475586,113.22958374023438,96.56575012207033,0.0074803265742957,0.0074535966850817,0.0072129117324948,0.0074827764183282,0.0070036612451076,0.0073584313504397,0.0073584313504397,0.0073584313504397,0.0062663699500262,0.0062663699500262
16210,16210,16210,16210.0,474.23095703125,385.77880859375,4.680937703450521,0.5042327880859375,0.0027247314453124,75.41475520542157,5.185170491536459,-0.010028739527089,74.37130737304688,81.03536987304688,74.00184631347656,84.73069763183594,111.17652893066406,111.36465454101562,119.1072006225586,162.05862426757812,138.67750549316406,96.56575012207033,0.0100383451208472,0.0097211645916104,0.0093198316171765,0.0101767173036932,0.0105055151507258,0.0090122111141681,0.0090122111141681,0.0090122111141681,0.0062663699500262,0.0062663699500262
16211,16211,16211,16211.0,374.23095703125,485.77880859375,2.189271036783854,2.995899454752604,0.0017247314453125,56.031372942754686,5.185170491536458,-0.0050371534098126,41.04915618896485,56.10944747924805,51.19557189941406,56.834434509277344,45.11371994018555,71.65447235107422,95.5401611328125,64.93333435058594,87.78166198730469,96.56575012207033,0.0050211120396852,0.00498773669824,0.0051059913821518,0.0047888355329632,0.0042093293741345,0.0057046515867114,0.0057046515867114,0.0057046515867114,0.0062663699500262,0.0062663699500262
16212,16212,16212,16212.0,399.23095703125,360.77880859375,0.3205210367838542,3.618816121419271,0.0019747314453125,90.99764177826911,3.939337158203125,-0.0074953074719441,107.4847412109375,105.68038177490234,113.2083969116211,98.25933837890624,94.2123565673828,82.53675842285156,102.53875732421876,85.1218032836914,100.50562286376952,96.56575012207033,0.0067766280844807,0.0067663686349987,0.0061594513244926,0.0061358059756457,0.0055180550552904,0.0065315412357449,0.0065315412357449,0.0065315412357449,0.0062663699500262,0.0062663699500262
16213,16213,16213,16213.0,499.23095703125,460.77880859375,2.8121877034505207,1.1271494547526042,0.0029747314453125,59.97926425028726,3.939337158203125,-0.0105255986635271,55.93205642700195,43.6640853881836,31.90550804138184,59.3763427734375,83.81654357910156,119.77667999267578,123.52375030517578,193.161361694336,151.40147399902344,96.56575012207033,0.0102403098717331,0.0101765245199203,0.0103732915595173,0.0115236872807145,0.0125217624008655,0.0098391007632017,0.0098391007632017,0.0098391007632017,0.0062663699500262,0.0062663699500262
16214,16214,16214,16214.0,449.23095703125,310.77880859375,1.5663543701171874,4.8646494547526045,0.0024747314453125,86.57780794141975,6.431003824869792,-0.0089727378131735,125.48522186279295,106.28250885009766,122.6772689819336,121.8368911743164,157.4839324951172,102.37562561035156,114.19908142089844,133.6844482421875,125.95354461669922,96.56575012207033,0.0092166783288121,0.0096795866265892,0.0082663716748356,0.0088297463953495,0.0086661474779248,0.0081853214651346,0.0081853214651346,0.0081853214651346,0.0062663699500262,0.0062663699500262
16215,16215,16215,16215.0,349.23095703125,410.77880859375,4.058021036783854,2.3729827880859373,0.0014747314453125,95.03790633146916,6.431003824869792,-0.0050989299020842,80.34686279296875,79.47386932373047,70.3745346069336,75.65568542480469,52.96714782714844,60.15616989135742,87.5395736694336,47.47343063354492,75.05770111083984,96.56575012207033,0.0045004901476204,0.0040296190418303,0.0040525314398109,0.0034418653231114,0.0030774842016398,0.0048777619376778,0.0048777619376778,0.0048777619376778,0.0062663699500262,0.0062663699500262
16216,16216,16216,16216.0,336.73095703125,398.27880859375,1.8778127034505208,0.8156911214192709,0.0020997314453125,202.64281641681245,2.693503824869792,-0.0076417124602748,185.0113220214844,172.4383544921875,155.19773864746094,154.2638702392578,122.8596420288086,131.17201232910156,129.26617431640625,96.23925018310548,106.86760711669922,96.56575012207033,0.0072949938476085,0.0071641784161329,0.0074897757731378,0.0068092909641563,0.0062387478537857,0.0069449860602617,0.0069449860602617,0.0069449860602617,0.0062663699500262,0.0062663699500262
16217,16217,16217,16217.0,436.73095703125,498.27880859375,4.369479370117188,3.307357788085937,0.0010997314453125,0.0119246028782838,7.676837158203125,-1.7690468705025728e-08,-30.377243041992188,9.937579154968262,8.829449653625488,-6.6629180908203125,12.800375938415527,21.39070510864257,52.20076370239258,26.399641036987305,55.97175979614258,96.56575012207033,0.0006519899470731,0.000705950835254,0.0011330179404467,0.0014214098919183,0.0017113672802224,0.0036374269984662,0.0036374269984662,0.0036374269984662,0.0062663699500262,0.0062663699500262
16218,16218,16218,16218.0,486.73095703125,348.27880859375,0.6319793701171875,2.061524454752604,0.0015997314453125,122.8062043739172,2.693503824869792,-0.0056781992685216,35.289878845214844,22.79898452758789,28.288204193115234,29.357084274291992,44.63590621948242,36.44147872924805,68.13375091552734,55.86230850219727,81.41968536376953,96.56575012207033,0.0032864406239241,0.003278634045273,0.003239938057959,0.0041153505444526,0.0036212967243045,0.0052912067621946,0.0052912067621946,0.0052912067621946,0.0062663699500262,0.0062663699500262
16219,16219,16219,16219.0,386.73095703125,448.27880859375,3.123646036783854,4.553191121419271,0.0025997314453125,111.37902617997035,7.676837158203125,-0.0091469334179586,127.25945281982422,127.74645233154295,121.64714050292967,118.69309997558594,112.71063995361328,152.44699096679688,139.35537719726562,147.53045654296875,132.31552124023438,96.56575012207033,0.0092860413715243,0.0093240970745682,0.0095966961234807,0.0095032313838601,0.0095637217164039,0.0085987662896513,0.0085987662896513,0.0085987662896513,0.0062663699500262,0.0062663699500262
16220,16220,16220,16220.0,361.73095703125,323.27880859375,4.992396036783855,3.930274454752604,0.0028497314453125,279.6802619073964,8.922670491536458,-0.0111497656708844,271.1051330566406,279.1127624511719,292.5267639160156,250.44387817382807,297.6488952636719,209.37088012695312,163.3136444091797,177.2689208984375,145.03948974609375,96.56575012207033,0.0118076726794242,0.0119049586355686,0.0111858854070305,0.0108502022922039,0.011491528712213,0.0094256559386849,0.0094256559386849,0.0094256559386849,0.0062663699500262,0.0062663699500262
16221,16221,16221,16221.0,461.73095703125,423.27880859375,2.500729370117188,1.4386077880859374,0.0018497314453125,9.87232380749401,3.939337158203125,-0.0039555667858557,37.76082611083984,39.36751174926758,40.24193572998047,34.46840286254883,44.89609146118164,54.14011001586914,83.04698944091797,74.68649291992188,94.14364624023438,96.56575012207033,0.0050608301535248,0.0049014636315405,0.0048291273415088,0.0054623209871351,0.0048415819182991,0.0061180964112281,0.0061180964112281,0.0061180964112281,0.0062663699500262,0.0062663699500262
16222,16222,16222,16222.0,411.73095703125,373.27880859375,3.746562703450521,2.6844411214192707,0.0013497314453125,19.58994963519517,6.431003824869792,-0.0013871134183263,35.996429443359375,43.43383407592773,45.154781341552734,38.30289840698242,38.65656280517578,36.25329208374024,67.95760345458984,39.76668930053711,68.69572448730469,96.56575012207033,0.0030611176043748,0.0027229150291532,0.0027222072239965,0.0027683801017701,0.0025778918061405,0.0044643166474998,0.0044643166474998,0.0044643166474998,0.0062663699500262,0.0062663699500262
16223,16223,16223,16223.0,311.73095703125,473.27880859375,1.2548960367838542,0.1927744547526041,0.0023497314453125,165.49123101190628,1.4476704915364584,-0.0075967124521845,140.74447631835938,134.5567626953125,132.5828857421875,175.4380645751953,127.13487243652344,191.6709747314453,156.25808715820312,120.52056884765624,119.59156799316406,96.56575012207033,0.0075030759908258,0.007856904529035,0.0090789645910263,0.0081562614068388,0.0078127942979335,0.0077718761749565,0.0077718761749565,0.0077718761749565,0.0062663699500262,0.0062663699500262
16224,16224,16224,16224.0,308.60595703125,313.90380859375,1.955677286783854,2.450847371419271,0.0018809814453125,215.6730245168973,4.406524658203125,-0.0069042730262768,207.82107543945312,204.28640747070312,207.71278381347656,229.9404296875,188.9685211181641,125.32571411132812,126.35266876220705,77.23136901855469,95.73413848876952,96.56575012207033,0.0065602380782365,0.0069623789750039,0.0066349641419947,0.0056306920014321,0.0050065545365214,0.006221457850188,0.006221457850188,0.006221457850188,0.0062663699500262,0.0062663699500262
16225,16225,16225,16225.0,408.60595703125,413.90380859375,4.447343953450521,4.942514038085937,0.0028809814453125,164.3682638234599,9.38985799153646,-0.01067386607586,162.2159881591797,157.6313018798828,146.33279418945312,132.1206817626953,145.44369506835938,167.70704650878906,146.16384887695312,181.1780700683593,146.62998962402344,96.56575012207033,0.0109541146084666,0.0108398860320448,0.0108488043770194,0.0110185733065009,0.0117449415847659,0.0095290169119834,0.0095290169119834,0.0095290169119834,0.0062663699500262,0.0062663699500262
16226,16226,16226,16226.0,458.60595703125,363.90380859375,0.7098439534505209,1.2050140380859375,0.0023809814453125,47.17371498196441,1.9148579915364583,-0.0084559276993299,75.40345001220703,81.55107116699219,84.29183959960938,83.36582946777344,102.0191421508789,90.93109130859376,107.62682342529295,123.74758911132812,121.18206024169922,96.56575012207033,0.0082839084789156,0.0081697329878807,0.0076704258099198,0.0083246324211359,0.0080219870433211,0.0078752376139163,0.0078752376139163,0.0078752376139163,0.0062663699500262,0.0062663699500262
16227,16227,16227,16227.0,358.60595703125,463.90380859375,3.201510620117188,3.696680704752604,0.0013809814453125,57.82417068443927,6.898191324869792,-0.00404378533187,32.10378646850586,49.0703353881836,41.59128952026367,46.68376159667969,34.53878402709961,50.02884292602539,79.83155059814453,41.629425048828125,70.28621673583984,96.56575012207033,0.0036873593926429,0.0034860223531723,0.0034565853420645,0.0029367515817284,0.0026986442971974,0.0045676780864596,0.0045676780864596,0.0045676780864596,0.0062663699500262,0.0062663699500262
16228,16228,16228,16228.0,383.60595703125,388.90380859375,3.824427286783854,3.0737640380859377,0.0011309814453125,10.699688136624758,6.898191324869792,-0.0006743295277708,20.62038230895996,38.05964660644531,30.803544998168945,31.08102798461914,28.805679321289062,29.32378578186035,61.11873245239258,27.92130279541016,57.562255859375,96.56575012207033,0.0020254352129995,0.0017676004208624,0.0018673959420993,0.0015897811390459,0.0018100097076967,0.0037407882045954,0.0037407882045954,0.0037407882045954,0.0062663699500262,0.0062663699500262
16229,16229,16229,16229.0,483.60595703125,488.90380859375,1.3327606201171875,0.5820973714192709,0.0021309814453125,9.622807575982897,1.9148579915364583,-0.005178301719418,22.003665924072266,23.476926803588867,22.68315887451172,25.89407539367676,40.71471786499024,65.50218963623047,91.34656524658205,99.1251983642578,108.45809936523438,96.56575012207033,0.0059213703498244,0.0059908186085522,0.0060812360607087,0.0069776624441146,0.0064258305355906,0.0070483474992215,0.0070483474992215,0.0070483474992215,0.0062663699500262,0.0062663699500262
16230,16230,16230,16230.0,433.60595703125,338.90380859375,2.578593953450521,4.319597371419271,0.0026309814453125,145.34983573480747,6.898191324869792,-0.010241395184142,139.19522094726562,136.12161254882812,143.68582153320312,130.28024291992188,160.66246032714844,124.200927734375,125.78439331054688,151.0985565185547,133.90602111816406,96.56575012207033,0.0104618333280086,0.0102857816964387,0.0092596150934696,0.0096716033294796,0.0097950240597128,0.0087021272629499,0.0087021272629499,0.0087021272629499,0.0062663699500262,0.0062663699500262
16231,16231,16231,16231.0,333.60595703125,438.90380859375,0.0869272867838541,1.827930704752604,0.0016309814453125,38.624204704337615,1.9148579915364583,-0.005461227377789,102.55663299560548,93.19205474853516,80.5284423828125,93.87361907958984,62.189056396484375,80.63251495361328,101.34899139404295,58.06611251831055,83.01017761230469,96.56575012207033,0.0045123733580112,0.0048202238976955,0.0050457748584449,0.0042837220244109,0.0037641592789441,0.0053945677354931,0.0053945677354931,0.0053945677354931,0.0062663699500262,0.0062663699500262
16232,16232,16232,16232.0,346.10595703125,351.40380859375,2.8900522867838543,0.2706390380859375,0.0027559814453124,296.1030951988222,3.160691324869792,-0.0106174575047323,281.0984191894531,295.0208435058594,273.885986328125,241.703353881836,257.3616027832031,213.90167236328125,165.0712432861328,165.7972412109375,140.26800537109375,96.56575012207033,0.0106624634936451,0.0105753215029835,0.0108578037470579,0.0103450883179903,0.010747873224318,0.0091155720874667,0.0091155720874667,0.0091155720874667,0.0062663699500262,0.0062663699500262
16233,16233,16233,16233.0,446.10595703125,451.40380859375,0.3983856201171875,2.7623057047526043,0.0017559814453125,13.505576946232672,3.160691324869792,-0.0046492261629142,30.722715377807617,38.66625213623047,37.59816360473633,30.08757209777832,38.1114616394043,52.268924713134766,81.59923553466797,67.30767059326172,89.37215423583984,96.56575012207033,0.0045332736335694,0.0045624887570738,0.0045010461471974,0.0049572070129215,0.0043632467277348,0.0058080125600099,0.0058080125600099,0.0058080125600099,0.0062663699500262,0.0062663699500262
16234,16234,16234,16234.0,496.10595703125,301.40380859375,4.135885620117188,1.5164723714192707,0.0012559814453125,35.02658503127206,5.652357991536459,-8.748095831423408e-05,38.29605102539063,10.508959770202637,15.154865264892578,18.034122467041016,35.36244583129883,21.62207221984864,52.48231506347656,34.43429183959961,63.92423629760742,96.56575012207033,0.0002880977699533,0.0007853879360482,0.0013226673472672,0.0022632663603872,0.0022322169970721,0.0041542332619428,0.0041542332619428,0.0041542332619428,0.0062663699500262,0.0062663699500262
16235,16235,16235,16235.0,396.10595703125,401.40380859375,1.6442189534505207,4.008139038085938,0.0022559814453125,132.9533611567346,5.652357991536459,-0.0083147598937675,125.98892211914062,123.38938903808594,119.76222229003906,105.07453918457033,100.90380859375,109.42790222167967,118.06695556640624,111.09532165527344,114.82007598876952,96.56575012207033,0.0081956386566162,0.0080423410981893,0.0076794251799583,0.0076511474326252,0.0072017987258732,0.0074617923237383,0.0074617923237383,0.0074617923237383,0.0062663699500262,0.0062663699500262
16236,16236,16236,16236.0,371.10595703125,326.40380859375,1.0213022867838542,4.631055704752604,0.0020059814453125,142.35287783923192,5.652357991536458,-0.0077793141621637,147.24383544921875,141.9002685546875,160.3894805908203,145.6438751220703,137.45791625976562,98.5684051513672,112.05550384521484,87.83721160888672,102.09611511230467,96.56575012207033,0.0074611129239201,0.0076876967214047,0.0066259647719562,0.006304177455604,0.0056940824724733,0.0066349026747047,0.0066349026747047,0.0066349026747047,0.0062663699500262,0.0062663699500262
16237,16237,16237,16237.0,471.10595703125,426.40380859375,3.5129689534505206,2.139389038085937,0.0010059814453125,0.0017896552528175,5.652357991536459,-2.367807453284869e-11,-9.990862846374512,6.841103553771973,6.492369651794434,-11.00102424621582,12.569639205932615,15.382343292236328,44.26654052734375,22.090456008911133,51.20027542114258,96.56575012207033,-0.0007227044552564,-0.0004271714424248,0.0002692072303034,0.00091629603412,0.001432022661902,0.0033273433800786,0.0033273433800786,0.0033273433800786,0.0062663699500262,0.0062663699500262
16238,16238,16238,16238.0,421.10595703125,376.40380859375,2.2671356201171875,3.38522237141927,0.0015059814453125,20.18203859746713,5.652357991536459,-0.0023276415204401,46.64075469970703,49.15940475463867,53.02653503417969,43.98197555541992,45.24501037597656,43.14557266235352,74.13655853271484,49.50669860839844,76.648193359375,96.56575012207033,0.00395088782534,0.0036793639883399,0.0034475859720259,0.003610236570239,0.0032092917244881,0.0049811229109764,0.0049811229109764,0.0049811229109764,0.0062663699500262,0.0062663699500262
16239,16239,16239,16239.0,321.10595703125,476.40380859375,4.758802286783854,0.8935557047526043,0.0025059814453125,114.46085060002574,5.652357991536458,-0.0082815217595522,135.805908203125,130.189208984375,136.52542114257812,175.09388732910156,134.50262451171875,205.4654235839844,161.78329467773438,137.08200073242188,127.5440444946289,96.56575012207033,0.0083075752481818,0.0085199791938066,0.009804343804717,0.008998118340969,0.0088863959535956,0.0082886824384331,0.0082886824384331,0.0082886824384331,0.0062663699500262,0.0062663699500262
16240,16240,16240,16240.0,314.85595703125,382.65380859375,0.5541147867838542,4.163868204752604,0.0014434814453125,78.41594167066134,4.717982991536458,-0.0052460249677804,105.26152801513672,103.49996185302734,91.13888549804688,115.35877990722656,71.94634246826172,70.90524291992188,95.03936004638672,45.48279571533203,73.46720886230469,96.56575012207033,0.0049290228635072,0.0047600050456821,0.004255679436028,0.0032734940759837,0.0029484403785318,0.004774400498718,0.004774400498718,0.004774400498718,0.0062663699500262,0.0062663699500262
16241,16241,16241,16241.0,414.85595703125,482.65380859375,3.045781453450521,1.6722015380859374,0.0024434814453125,87.60576440095618,4.717982991536458,-0.0079544205362953,77.93014526367188,80.78783416748047,69.96521759033203,75.56177520751953,74.64044189453125,117.0316162109375,122.1000747680664,130.32952880859375,124.36305236816406,96.56575012207033,0.007991605438292,0.0080735757946968,0.0084695201367139,0.0086613753810524,0.008448664098978,0.0080819595605134,0.0080819595605134,0.0080819595605134,0.0062663699500262,0.0062663699500262
16242,16242,16242,16242.0,464.85595703125,332.65380859375,1.7999481201171874,2.918034871419271,0.0029434814453125,126.15691149702482,4.717982991536458,-0.0112983856932433,105.80142211914062,119.83071899414062,118.64614868164062,128.70143127441406,181.6030120849609,135.25880432128906,131.2644500732422,189.12429809570312,149.81097412109375,96.56575012207033,0.0117552988231182,0.0116215236485004,0.0105764400213956,0.0113553162664175,0.0122600588947534,0.0097357397899031,0.0097357397899031,0.0097357397899031,0.0062663699500262,0.0062663699500262
16243,16243,16243,16243.0,364.85595703125,432.65380859375,4.291614786783854,0.4263682047526042,0.0019434814453125,137.2175570145319,4.717982991536458,-0.0066827824201912,120.9591827392578,109.28915405273438,97.38733673095705,95.50650787353516,75.97296905517578,95.7188949584961,110.42391967773438,82.44902801513672,98.91513061523438,96.56575012207033,0.0062711052596569,0.0060606831684708,0.0063625997863709,0.0059674349613487,0.0053447913378477,0.0064281802624464,0.0064281802624464,0.0064281802624464,0.0062663699500262,0.0062663699500262
16244,16244,16244,16244.0,389.85595703125,307.65380859375,3.6686981201171873,1.0492848714192708,0.0016934814453125,67.89710886859808,4.717982991536458,-0.0062157757552809,79.97335815429688,91.1630859375,111.93212890625,106.90068817138672,99.9194793701172,63.65496826171875,90.04932403564453,62.60162353515625,86.19116973876953,96.56575012207033,0.0042294501326978,0.0046567101962864,0.0047734105028212,0.0046204645186662,0.0040581757202744,0.0056012901477515,0.0056012901477515,0.0056012901477515,0.0062663699500262,0.0062663699500262
16245,16245,16245,16245.0,489.85595703125,407.65380859375,1.1770314534505208,3.5409515380859373,0.0026934814453125,42.30438135043451,4.717982991536458,-0.0100617850400147,73.13327026367188,59.384368896484375,48.35383987426758,66.89602661132812,91.18647003173828,101.99313354492188,113.9855499267578,158.3626251220703,137.08700561523438,96.56575012207033,0.0096659455448389,0.0094763161614537,0.0089872507378458,0.0100083453580737,0.0102659212425351,0.008908849209547,0.008908849209547,0.008908849209547,0.0062663699500262,0.0062663699500262
16246,16246,16246,16246.0,439.85595703125,357.65380859375,4.914531453450521,2.295118204752604,0.0021934814453125,60.40468312811524,7.209649658203125,-0.0080940246455695,87.49361419677734,88.18850708007812,95.12311553955078,86.08472442626953,97.44139099121094,83.89319610595703,103.37789916992188,105.02499389648438,111.63909149169922,96.56575012207033,0.0078124785795807,0.0074351197108626,0.0068803303875029,0.0073144049383699,0.0068082874640822,0.0072550699114799,0.0072550699114799,0.0072550699114799,0.0062663699500262,0.0062663699500262
16247,16247,16247,16247.0,339.85595703125,457.65380859375,2.422864786783854,4.786784871419271,0.0011934814453125,53.40594483827266,7.209649658203125,-0.0033926758944713,20.19675636291504,43.22681427001953,32.30815505981445,44.05524826049805,29.511388778686523,41.602684020996094,72.7989273071289,31.09253120422364,60.74324417114258,96.56575012207033,0.0030192341655492,0.0028414034750312,0.0026664901524782,0.0019265237497165,0.002015585778281,0.0039475108496844,0.0039475108496844,0.0039475108496844,0.0062663699500262,0.0062663699500262
16248,16248,16248,16248.0,327.35595703125,345.15380859375,4.603073120117188,3.229493204752604,0.0023184814453125,258.872259553165,7.832566324869791,-0.0089088022274658,245.10519409179688,240.45913696289065,239.293197631836,228.85508728027344,211.03944396972656,169.21798706054688,146.82080078125,117.33618927001952,118.00106811523438,96.56575012207033,0.0094005726277828,0.0091001335531473,0.0087463837116956,0.0079878903925418,0.0076063657179474,0.0076685147359967,0.0076685147359967,0.0076685147359967,0.0062663699500262,0.0062663699500262
16249,16249,16249,16249.0,427.35595703125,445.15380859375,2.111406453450521,0.7378265380859376,0.0013184814453125,1.5849483613355118,2.8492329915364585,-4.037623743067492e-05,12.79178237915039,26.86495780944824,25.534610748291016,14.745927810668944,24.07523727416992,32.11058807373047,63.9570541381836,37.946590423583984,67.105224609375,96.56575012207033,0.0021222094073891,0.002008712850511,0.0023896263446658,0.0026000088546425,0.0024599030148237,0.0043609556742012,0.0043609556742012,0.0043609556742012,0.0062663699500262,0.0062663699500262
16250,16250,16250,16250.0,477.35595703125,395.15380859375,3.357239786783854,4.4753265380859375,0.0018184814453125,65.92648429500278,7.832566324869791,-0.0066547834562767,48.61465072631836,33.901737213134766,35.35221862792969,33.07683181762695,46.582515716552734,48.9567756652832,78.97156524658203,72.18425750732422,92.55314636230467,96.56575012207033,0.0051354076713323,0.0049101617187261,0.0044965464621782,0.0052939495071768,0.0046793734654784,0.0060147354379296,0.0060147354379296,0.0060147354379296,0.0062663699500262,0.0062663699500262
16251,16251,16251,16251.0,377.35595703125,495.15380859375,0.8655731201171876,1.9836598714192708,0.0028184814453125,80.72879483995621,2.8492329915364585,-0.0092248672999496,98.65375518798828,100.13238525390624,101.44332122802734,124.21151733398438,114.0433349609375,188.19483947753903,154.83465576171875,173.4023895263672,143.44898986816406,96.56575012207033,0.0092731919139623,0.009600980207324,0.0108533045276999,0.0106818312779068,0.0112408800050616,0.0093222949653863,0.0093222949653863,0.0093222949653863,0.0062663699500262,0.0062663699500262
16252,16252,16252,16252.0,352.35595703125,370.15380859375,1.488489786783854,1.360743204752604,0.0025684814453125,253.2774603505493,2.849232991536458,-0.0097541448773087,236.0848388671875,236.7989044189453,221.490478515625,197.55123901367188,194.3781280517578,179.2542266845703,151.11203002929688,144.0050048828125,130.72503662109375,96.56575012207033,0.0097655178979039,0.0096852257847785,0.0097998436540365,0.0093348603695631,0.0093351826071739,0.0084954043850302,0.0084954043850302,0.0084954043850302,0.0062663699500262,0.0062663699500262
16253,16253,16253,16253.0,452.35595703125,470.15380859375,3.9801564534505207,3.852409871419271,0.0015684814453125,4.306368507473285,7.832566324869791,-0.0018579274366372,6.548861026763916,24.74290657043457,24.557512283325195,15.141767501831056,27.260915756225582,40.5581283569336,71.87920379638672,53.70113754272461,79.82918548583984,96.56575012207033,0.0035211038775742,0.0034413835965096,0.0034430862870067,0.0039469790644943,0.0034811978694051,0.0051878453232347,0.0051878453232347,0.0051878453232347,0.0062663699500262,0.0062663699500262
16254,16254,16254,16254.0,402.35595703125,320.15380859375,0.2426564534505208,0.1149098714192708,0.0010684814453125,1.399435630534555,0.3575663248697917,-5.81697556766098e-08,14.983181953430176,31.224794387817383,28.66261100769043,35.01001739501953,34.48402786254883,23.789913177490234,55.05043411254883,24.92061233520508,54.38126373291016,96.56575012207033,0.0004403694765642,0.0005503901047632,0.0013361661694943,0.0012530386447906,0.0016154886689037,0.003534065792337,0.003534065792337,0.003534065792337,0.0062663699500262,0.0062663699500262
16255,16255,16255,16255.0,302.35595703125,420.15380859375,2.734323120117188,2.6065765380859376,0.0020684814453125,158.18377805295515,5.340899658203125,-0.0073151886531785,176.4150390625,171.5919647216797,158.9069366455078,188.1647186279297,132.88372802734375,157.88685607910156,141.8199462890625,93.39593505859376,105.27710723876952,96.56575012207033,0.0074658053927123,0.0073078898712992,0.0076929237693548,0.0066409199498593,0.0060544293373823,0.0068416250869631,0.0068416250869631,0.0068416250869631,0.0062663699500262,0.0062663699500262
16256,16256,16256,16256.0,301.57470703125,380.31005859375,1.5468882242838542,0.4458343505859375,0.0011700439453125,37.49007031869908,1.992722574869792,-0.000877317407124,102.48661041259766,81.70166778564453,55.53691101074219,95.8927764892578,52.16282653808594,50.78018569946289,80.42877960205078,29.88333511352539,59.55037307739258,96.56575012207033,0.002553078578785,0.0014035291969776,0.0029527838341891,0.0018002452561631,0.0019371992675587,0.0038699896540492,0.0038699896540492,0.0038699896540492,0.0062663699500262,0.0062663699500262
16257,16257,16257,16257.0,401.57470703125,480.31005859375,4.038554890950521,2.937501017252604,0.0021700439453125,72.40101161535603,6.976055908203125,-0.0069193415763724,63.63906478881836,72.86407470703125,66.00448608398438,69.11463928222656,63.44292831420898,98.5108642578125,112.02278900146484,102.79258728027344,110.44622039794922,96.56575012207033,0.0069710221141576,0.0069822431541979,0.0071666240692138,0.0071881264448165,0.0066635706461966,0.0071775489486753,0.0071775489486753,0.0071775489486753,0.0062663699500262,0.0062663699500262
16258,16258,16258,16258.0,451.57470703125,330.31005859375,0.3010548909505208,1.6916676839192708,0.0026700439453125,94.5724150015363,1.992722574869792,-0.0097623220852939,97.76514434814452,116.56585693359376,124.39278411865234,122.67616271972656,160.6039581298828,117.93898010253906,122.5724868774414,155.6186065673828,135.89413452148438,96.56575012207033,0.0099254688248038,0.0101119698956608,0.0092735439538955,0.0098820673301815,0.0100880395621061,0.0088313287124037,0.0088313287124037,0.0088313287124037,0.0062663699500262,0.0062663699500262
16259,16259,16259,16259.0,351.57470703125,430.31005859375,2.792721557617188,4.1833343505859375,0.0016700439453125,101.07569487950803,6.976055908203125,-0.0056476508890551,81.94522094726562,87.26775360107422,80.79452514648438,84.69925689697266,61.077293395996094,76.12026977539062,98.4723892211914,60.88082504272461,84.99829864501953,96.56575012207033,0.0055187540128827,0.0052879424765706,0.0050597041845321,0.0044941860251128,0.0039466237649321,0.005523769184947,0.005523769184947,0.005523769184947,0.0062663699500262,0.0062663699500262
16260,16260,16260,16260.0,376.57470703125,305.31005859375,4.661471557617188,4.806251017252604,0.0019200439453125,121.02674065082746,9.467722574869793,-0.0073416972361561,138.16146850585938,127.84136962890624,154.80690002441406,144.36566162109375,139.7848358154297,87.70004272460938,105.69738006591795,80.47241973876953,97.72225952148438,96.56575012207033,0.0066473106853663,0.007420296780765,0.006113164126873,0.0058411564677953,0.0052166571840643,0.0063506592996418,0.0063506592996418,0.0063506592996418,0.0062663699500262,0.0062663699500262
16261,16261,16261,16261.0,476.57470703125,405.31005859375,2.169804890950521,2.3145843505859376,0.0029200439453125,99.30606157438932,4.484389241536459,-0.0109710753210849,90.06130981445312,85.9013900756836,71.33014678955078,86.1822509765625,114.5418701171875,126.6474838256836,127.01721954345705,186.12448120117188,148.61810302734375,96.56575012207033,0.01085717510432,0.0106346374377608,0.0103270048275589,0.0112290373072028,0.0120655940845608,0.0096582183614373,0.0096582183614373,0.0096582183614373,0.0062663699500262,0.0062663699500262
16262,16262,16262,16262.0,426.57470703125,355.31005859375,3.415638224283854,3.5604176839192707,0.0024200439453125,117.83687402103412,6.976055908203125,-0.0093261351092373,123.9474868774414,122.06591033935548,127.52689361572266,112.49337768554688,127.78018951416016,108.57655334472656,117.60678100585938,127.84131622314452,123.17018127441406,96.56575012207033,0.0092806424945592,0.0089756604284048,0.0082200840115547,0.0085350973531603,0.00828736461699,0.0080044390633702,0.0080044390633702,0.0080044390633702,0.0062663699500262,0.0062663699500262
16263,16263,16263,16263.0,326.57470703125,455.31005859375,0.9239715576171876,1.068751017252604,0.0014200439453125,89.82827635095546,1.992722574869792,-0.0042801986714816,84.23273468017578,69.93787384033203,55.78127670288086,74.76849365234375,45.71368408203125,63.78495407104492,90.14122009277344,44.01779556274414,72.27433776855469,96.56575012207033,0.0036417436785995,0.0035669398494064,0.00400624377653,0.0031472155824303,0.0028534713201224,0.0046968795359134,0.0046968795359134,0.0046968795359134,0.0062663699500262,0.0062663699500262
16264,16264,16264,16264.0,339.07470703125,342.81005859375,3.727096557617188,2.003126017252604,0.0020450439453125,198.17551896101065,5.730222574869792,-0.0078524573426595,187.9468688964844,185.40708923339844,186.484603881836,179.1074981689453,155.14207458496094,122.71404266357422,125.0291976928711,91.29142761230467,104.08423614501952,96.56575012207033,0.0077507365494966,0.0073708952404558,0.0071756234392523,0.0065146414563059,0.0059180036187171,0.0067641041241586,0.0067641041241586,0.0067641041241586,0.0062663699500262,0.0062663699500262
16265,16265,16265,16265.0,439.07470703125,442.81005859375,1.2354298909505208,4.494792683919271,0.0010450439453125,0.0003491728015274,5.730222574869792,-4.038456877740137e-12,-14.38323211669922,13.635296821594238,10.66630744934082,-3.5744760036468506,14.480365753173828,19.110498428344727,49.34013366699219,23.839317321777344,53.18839263916016,96.56575012207033,0.0002242333721369,0.0003502390172798,0.0008188657811842,0.0011267601512372,0.0015453933738172,0.0034565448295325,0.0034565448295325,0.0034565448295325,0.0062663699500262,0.0062663699500262
16266,16266,16266,16266.0,489.07470703125,392.81005859375,4.972929890950521,0.7572926839192708,0.0015450439453125,37.857573266464094,5.730222574869792,-0.0022856526988885,13.490461349487305,16.79436492919922,20.66205596923828,15.789596557617188,32.418155670166016,33.667510986328125,65.48921966552734,52.10823822021485,78.63631439208984,96.56575012207033,0.0029381753411144,0.0026985497679561,0.0029257859569042,0.0038207008037716,0.0033779374789446,0.0051103243604302,0.0051103243604302,0.0051103243604302,0.0062663699500262,0.0062663699500262
16267,16267,16267,16267.0,389.07470703125,492.81005859375,2.481263224283854,3.2489593505859373,0.0025450439453125,67.71357525295637,5.730222574869791,-0.0081918225754154,75.11479187011719,85.0577392578125,82.82470703125,97.21746063232422,88.30548095703125,144.34585571289062,135.6021270751953,141.38890075683594,129.53216552734375,96.56575012207033,0.0084373345598578,0.0086145028471946,0.009282543323934,0.0092085823416709,0.0091655915603041,0.008417883887887,0.008417883887887,0.008417883887887,0.0062663699500262,0.0062663699500262
16268,16268,16268,16268.0,364.07470703125,367.81005859375,0.6125132242838542,2.626042683919271,0.0027950439453125,265.5086949436798,3.238555908203125,-0.0106789313057011,244.79122924804688,247.8465576171875,236.2344512939453,204.18975830078125,218.35910034179688,198.82730102539065,159.14842224121094,170.5304718017578,142.25611877441406,96.56575012207033,0.0109034562483429,0.0109104644507169,0.0108717326074838,0.0105555523186922,0.0110547067597508,0.0092447735369205,0.0092447735369205,0.0092447735369205,0.0062663699500262,0.0062663699500262
16269,16269,16269,16269.0,464.07470703125,467.81005859375,3.1041798909505207,0.1343760172526041,0.0017950439453125,6.218727482402409,3.238555908203125,-0.002175216168475,22.720687866210938,27.5687198638916,27.78910255432129,22.11527442932129,34.265533447265625,50.47241973876953,80.18467712402344,70.3355484008789,91.36027526855467,96.56575012207033,0.0044224220328032,0.0043630092404782,0.0045149754732847,0.0051676710136234,0.0045595304109156,0.005937214475125,0.005937214475125,0.005937214475125,0.0062663699500262,0.0062663699500262
16270,16270,16270,16270.0,414.07470703125,317.81005859375,1.858346557617188,3.871876017252604,0.0012950439453125,93.52019058240214,5.730222574869791,-0.0021495843944101,56.70882415771485,42.139122009277344,49.38042449951172,49.52949142456055,48.53986358642578,32.99828338623047,64.83507537841797,36.609493255615234,65.912353515625,96.56575012207033,0.0021281077060848,0.0027224235236644,0.0024080551229417,0.0024737303610891,0.0023732252884656,0.0042834347113966,0.0042834347113966,0.0042834347113966,0.0062663699500262,0.0062663699500262
16271,16271,16271,16271.0,314.07470703125,417.81005859375,4.350013224283854,1.3802093505859374,0.0022950439453125,198.9499248853688,5.730222574869792,-0.008212187952487,206.68321228027344,200.7855987548828,180.2931060791016,196.6131896972656,153.3135528564453,180.13406372070312,151.482421875,114.9758758544922,116.80819702148438,96.56575012207033,0.0082491934299469,0.0081270821392536,0.0087648127228021,0.0078616114333271,0.00745335733518,0.0075909937731921,0.0075909937731921,0.0075909937731921,0.0062663699500262,0.0062663699500262
16272,16272,16272,16272.0,320.32470703125,324.06005859375,1.079700724283854,3.7161468505859374,0.0017325439453125,176.6576961086123,4.795847574869791,-0.0065550767396932,162.3857879638672,158.32553100585938,163.68222045898438,180.111328125,139.6236114501953,98.6886978149414,112.12385559082033,65.52291870117188,88.17928314208984,96.56575012207033,0.0062125865370035,0.0065146735869348,0.0057248659431934,0.0048309285193681,0.0042475494556128,0.0057304920628666,0.0057304920628666,0.0057304920628666,0.0062663699500262,0.0062663699500262
16273,16273,16273,16273.0,420.32470703125,424.06005859375,3.571367390950521,1.2244801839192707,0.0027325439453124,157.55679770923615,4.795847574869791,-0.0099638478861458,135.9283905029297,133.45904541015625,116.5584945678711,108.08074188232422,117.79638671875,142.57528686523438,134.7678985595703,162.98927307128906,139.07513427734375,96.56575012207033,0.0098708756268024,0.0097845084965229,0.0099387066438794,0.0102188093587756,0.0105658452957868,0.0090380515903234,0.0090380515903234,0.0090380515903234,0.0062663699500262,0.0062663699500262
16274,16274,16274,16274.0,470.32470703125,374.06005859375,2.325534057617188,4.961980183919271,0.0022325439453125,24.485052758989514,7.287514241536458,-0.0078176216942222,82.34905242919922,61.78210067749024,61.72694778442383,64.34451293945312,80.71309661865234,76.01235961914062,98.4025650024414,108.79896545410156,113.62720489501952,96.56575012207033,0.0078250132501125,0.0075552272610366,0.0067603276111185,0.0075248694047331,0.0070529365912079,0.0073842713609337,0.0073842713609337,0.0073842713609337,0.0062663699500262,0.0062663699500262
16275,16275,16275,16275.0,370.32470703125,474.06005859375,4.817200724283854,2.4703135172526043,0.0012325439453125,35.71901654617325,7.287514241536458,-0.0033128966944083,16.570165634155273,34.246826171875,26.64041519165039,27.37605857849121,24.70557403564453,37.369667053222656,68.99600219726562,33.16114807128906,62.73136520385742,96.56575012207033,0.0025712726637721,0.0023415519390255,0.0025464871432632,0.0021369878668338,0.0021496848203241,0.0040767122991383,0.0040767122991383,0.0040767122991383,0.0062663699500262,0.0062663699500262
16276,16276,16276,16276.0,395.32470703125,399.06005859375,2.948450724283854,1.8473968505859373,0.0014825439453125,37.79064026077973,4.795847574869791,-0.0051212345228979,50.882354736328125,57.75899505615234,56.67749786376953,49.5551986694336,44.26423263549805,47.44462203979492,77.74237823486328,47.97774887084961,75.455322265625,96.56575012207033,0.0038982674013823,0.0035303619224578,0.0035999473184347,0.0034839583095163,0.0031101768836379,0.0049036019481718,0.0049036019481718,0.0049036019481718,0.0062663699500262,0.0062663699500262
16277,16277,16277,16277.0,495.32470703125,499.06005859375,0.4567840576171875,4.339063517252604,0.0024825439453125,17.285627019998852,4.795847574869791,-0.0079647332204435,20.793102264404297,23.90864562988281,20.085649490356445,33.443138122558594,50.55108642578125,84.74102020263672,103.8989486694336,134.5298309326172,126.35116577148438,96.56575012207033,0.0076587814837694,0.0077482131309807,0.0078137880191206,0.0088718393817543,0.008720951154828,0.0082111610099673,0.0082111610099673,0.0082111610099673,0.0062663699500262,0.0062663699500262
16278,16278,16278,16278.0,445.32470703125,349.06005859375,4.194284057617187,0.6015635172526043,0.0029825439453125,134.17133928569348,4.795847574869791,-0.0112701039353265,120.54087829589844,149.88873291015625,145.59707641601562,138.55203247070312,184.51939392089844,151.3212432861328,138.8398895263672,194.1772918701172,151.79908752441406,96.56575012207033,0.0118207950145006,0.0115295089781284,0.0109921665862202,0.0115657802671194,0.0125876208767294,0.0098649412393569,0.0098649412393569,0.0098649412393569,0.0062663699500262,0.0062663699500262
16279,16279,16279,16279.0,345.32470703125,449.06005859375,1.702617390950521,3.09323018391927,0.0019825439453125,100.8891123813478,4.795847574869791,-0.0066504377946853,109.69197082519533,109.30410766601562,101.60733795166016,110.61234283447266,81.92259979248047,111.1911163330078,119.01436614990234,85.79666137695312,100.90324401855467,96.56575012207033,0.0066567887552082,0.006625888403505,0.0067783258855342,0.0061778989620506,0.0055618030019104,0.0065573817119002,0.0065573817119002,0.0065573817119002,0.0062663699500262,0.0062663699500262
16280,16280,16280,16280.0,332.82470703125,361.56005859375,3.882825724283854,4.027605183919271,0.0026075439453125,286.1625217071547,7.910430908203125,-0.0099492650327163,267.9110412597656,261.0807800292969,259.98516845703125,240.01893615722656,235.3387756347656,207.06748962402344,162.41281127929688,148.41848754882812,132.71315002441406,96.56575012207033,0.0105966022238135,0.0103916553780436,0.0102155702188611,0.009545324370265,0.0096212876960635,0.0086246058344841,0.0086246058344841,0.0086246058344841,0.0062663699500262,0.0062663699500262
16281,16281,16281,16281.0,432.82470703125,461.56005859375,1.3911590576171875,1.535938517252604,0.0016075439453125,14.842532301637153,2.927097574869792,-0.0043741449662021,25.052953720092773,35.530208587646484,34.06110382080078,25.68425178527832,32.45393753051758,46.5351791381836,76.99366760253906,56.40926361083984,81.81730651855469,96.56575012207033,0.0037758373655378,0.003729474497959,0.0038588126190006,0.0041574435308575,0.0036567531060427,0.0053170467726886,0.0053170467726886,0.0053170467726886,0.0062663699500262,0.0062663699500262
16282,16282,16282,16282.0,482.82470703125,311.56005859375,2.6369923909505206,2.7817718505859377,0.0011075439453125,35.05784247261625,5.418764241536458,-0.000178894746455,49.700340270996094,10.785091400146484,13.20434856414795,10.282896995544434,27.16949844360352,17.750995635986328,47.55275344848633,26.776058197021484,56.369384765625,96.56575012207033,-4.0723920392338187e-05,7.3105504270643e-05,0.0006804338190704,0.0014635027619078,0.0017357687465846,0.0036632672417908,0.0036632672417908,0.0036632672417908,0.0062663699500262,0.0062663699500262
16283,16283,16283,16283.0,382.82470703125,411.56005859375,0.1453257242838541,0.2901051839192708,0.0021075439453125,134.15451430446265,0.4354309082031249,-0.0076113012633189,128.654052734375,121.11386108398438,111.9128875732422,101.0250473022461,89.68280029296875,102.24288940429688,114.1250228881836,96.9567413330078,107.26522827148438,96.56575012207033,0.0061961221508681,0.0068733519874513,0.0070371916517615,0.0068513839505612,0.0062852595001459,0.006970826536417,0.006970826536417,0.006970826536417,0.0062663699500262,0.0062663699500262
16284,16284,16284,16284.0,357.82470703125,336.56005859375,2.0140757242838543,0.9130218505859377,0.0023575439453125,214.67888835477137,2.927097574869792,-0.0091206723203679,204.54556274414065,213.1312866210937,216.2360992431641,192.10987854003903,192.0772857666016,146.4396514892578,136.58206176757812,121.32332611083984,119.98918914794922,96.56575012207033,0.0087555469945073,0.008732714690268,0.0086263809353113,0.0081983543932437,0.0078648338094353,0.0077977161854505,0.0077977161854505,0.0077977161854505,0.0062663699500262,0.0062663699500262
16285,16285,16285,16285.0,457.82470703125,436.56005859375,4.5057423909505205,3.404688517252604,0.0013575439453125,1.1216850728525576,7.910430908203125,-2.521850434907268e-05,7.33818769454956,19.84432411193848,20.699237823486328,8.379169464111328,23.122966766357425,29.661226272583008,61.46938705444336,40.22837829589844,69.09334564208984,96.56575012207033,0.0022189430892467,0.0021191500127315,0.0022696233354508,0.002810473088175,0.0026078207883983,0.004490157123655,0.004490157123655,0.004490157123655,0.0062663699500262,0.0062663699500262
16286,16286,16286,16286.0,407.82470703125,386.56005859375,0.7682423909505209,2.158855183919271,0.0018575439453125,65.2114868735252,2.927097574869792,-0.0068768294812198,81.486328125,82.91990661621094,85.21257781982422,73.14799499511719,69.58560180664062,69.98595428466797,94.42125701904295,75.31871795654297,94.54126739501952,96.56575012207033,0.0058285417035222,0.0056703467853367,0.0054480019025504,0.0055044135078787,0.004882566165179,0.0061439368873834,0.0061439368873834,0.0061439368873834,0.0062663699500262,0.0062663699500262
16287,16287,16287,16287.0,307.82470703125,486.56005859375,3.2599090576171874,4.650521850585937,0.0028575439453125,72.44040924794975,7.910430908203125,-0.009574386414906,85.18915557861328,17.92616081237793,161.14830017089844,225.6139068603516,182.44342041015625,290.7091064453125,192.43923950195312,178.24221801757812,145.43710327148438,96.56575012207033,0.0094126593321561,0.0098459310829639,0.0118047595024108,0.0108922952786087,0.0115546230226755,0.0094514964148402,0.0094514964148402,0.0094514964148402,0.0062663699500262,0.0062663699500262
16288,16288,16288,16288.0,310.94970703125,327.18505859375,4.895065307617188,3.015365600585937,0.0013887939453125,132.9114219735,7.910430908203125,-0.0048760685070991,114.46910858154295,113.97051239013672,106.0172119140625,142.30406188964844,93.3965072631836,67.29380798339844,92.58739471435548,42.10176849365234,70.683837890625,96.56575012207033,0.004588252864778,0.0044423774816095,0.0040084938518702,0.0029788443353027,0.002729264087975,0.0045935180969536,0.0045935180969536,0.0045935180969536,0.0062663699500262,0.0062663699500262
16289,16289,16289,16289.0,410.94970703125,427.18505859375,2.403398640950521,0.5236989339192709,0.0023887939453125,123.77216504476743,2.927097574869792,-0.0085756707535749,118.2928695678711,113.41724395751952,101.81702423095705,92.59410858154295,92.80474090576172,113.98817443847656,120.50199127197266,124.56100463867188,121.57968139648438,96.56575012207033,0.0081672156229615,0.0081119565293192,0.0082223340868949,0.0083667254075407,0.0080747175961732,0.0079010780900716,0.0079010780900716,0.0079010780900716,0.0062663699500262,0.0062663699500262
16290,16290,16290,16290.0,460.94970703125,377.18505859375,3.649231974283854,4.261198933919271,0.0028887939453125,113.34388100156052,7.910430908203125,-0.0110709518697638,118.84174346923828,112.77296447753906,102.08248901367188,106.11296081542967,138.36915588378906,132.49693298339844,129.91737365722656,182.1620330810547,147.02760314941406,96.56575012207033,0.0113146770745515,0.01099225692451,0.0103292539715766,0.0110606662929058,0.0118087269365787,0.0095548573881387,0.0095548573881387,0.0095548573881387,0.0062663699500262,0.0062663699500262
16291,16291,16291,16291.0,360.94970703125,477.18505859375,1.1575653076171877,1.7695322672526042,0.0018887939453125,77.58335882586043,2.927097574869792,-0.0058275784042756,76.64385223388672,77.99568939208984,70.15767669677734,80.01069641113281,60.27321243286133,92.37522888183594,108.47810363769533,77.87425231933594,96.13175964355467,96.56575012207033,0.005748504307121,0.0058090630918741,0.006115413736552,0.005672784987837,0.0050482298247516,0.006247297860682,0.006247297860682,0.006247297860682,0.0062663699500262,0.0062663699500262
16292,16292,16292,16292.0,385.94970703125,352.18505859375,1.780481974283854,2.3924489339192707,0.0016387939453125,66.70703801363038,4.172930908203124,-0.0059946441286472,81.141845703125,84.63052368164062,91.63487243652344,83.96184539794922,72.85639190673828,60.8228874206543,88.0233383178711,58.62372589111328,83.40779876708984,96.56575012207033,0.0050835609436035,0.0047713513486087,0.0045262244530022,0.0043258145451545,0.0038003067020326,0.0054204082116484,0.0054204082116484,0.0054204082116484,0.0062663699500262,0.0062663699500262
16293,16293,16293,16293.0,485.94970703125,452.18505859375,4.272148640950521,4.884115600585938,0.0026387939453125,48.12760708258361,9.15626424153646,-0.0093182494949872,60.63288116455078,50.00715255737305,39.50687026977539,53.88739013671875,72.27999877929688,99.4736557006836,112.56888580322266,151.9972381591797,134.30364990234375,96.56575012207033,0.0090309875085949,0.0089308330789208,0.0087400646880269,0.0097136963158845,0.0098532820120453,0.0087279677391052,0.0087279677391052,0.0087279677391052,0.0062663699500262,0.0062663699500262
16294,16294,16294,16294.0,435.94970703125,302.18505859375,0.5346486409505209,1.1466156005859374,0.0021387939453125,54.00208082731021,1.6812642415364585,-0.0074221740193663,75.77099609375,91.75204467773438,116.5994873046875,111.62094116210938,132.11172485351562,81.19791412353516,101.70370483398438,99.85334777832033,108.85572052001952,96.56575012207033,0.0059268325567245,0.0071506323292851,0.0066331448033452,0.0070197554305195,0.0064730332233011,0.0070741879753768,0.0070741879753768,0.0070741879753768,0.0062663699500262,0.0062663699500262
16295,16295,16295,16295.0,335.94970703125,402.18505859375,3.026315307617188,3.638282267252604,0.0011387939453125,63.0070702498026,6.664597574869791,-0.0038634044703272,42.03712463378906,54.63068389892578,38.98669052124024,55.62153244018555,35.60509490966797,38.763370513916016,70.27082824707031,28.308380126953125,57.95988082885742,96.56575012207033,0.0029368868563324,0.0025702631101012,0.0024193043354898,0.0016318740090355,0.0018351020989939,0.00376662844792,0.00376662844792,0.00376662844792,0.0062663699500262,0.0062663699500262
16296,16296,16296,16296.0,348.44970703125,389.68505859375,0.2231903076171875,4.5726572672526045,0.0022637939453125,196.6223998098056,4.795847574869792,-0.0083970408377747,180.1357879638672,173.4755401611328,171.4213409423828,160.4857177734375,139.31192016601562,142.3879852294922,134.67935180664062,111.86610412597656,115.21770477294922,96.56575012207033,0.0084331817924976,0.0085486359894275,0.0082313334569334,0.0076932404190301,0.0072517651133239,0.0074876327998936,0.0074876327998936,0.0074876327998936,0.0062663699500262,0.0062663699500262
16297,16297,16297,16297.0,448.44970703125,489.68505859375,2.714856974283854,2.0809906005859373,0.0012637939453125,0.0341848332142611,4.795847574869791,-1.0499570649979165e-07,-14.152743339538574,12.910969734191896,13.148813247680664,-0.8491168022155762,16.600210189819336,26.791980743408203,58.42069625854492,34.86400604248047,64.32186126708984,96.56575012207033,0.0015295364428311,0.0015192659338936,0.0018745757406577,0.0023053591139614,0.0022600730881094,0.0041800732724368,0.0041800732724368,0.0041800732724368,0.0062663699500262,0.0062663699500262
16298,16298,16298,16298.0,498.44970703125,339.68505859375,1.4690236409505208,3.326823933919271,0.0017637939453125,155.86676311071295,4.795847574869792,-0.0067367983503012,55.12848281860352,23.29985809326172,26.54730796813965,36.318477630615234,54.390411376953125,42.24085998535156,73.35516357421875,67.90792083740234,89.76978302001953,96.56575012207033,0.0044351895339787,0.0043847598135471,0.0039814957417547,0.0049992999993264,0.0044021583162248,0.0058338530361652,0.0058338530361652,0.0058338530361652,0.0062663699500262,0.0062663699500262
16299,16299,16299,16299.0,398.44970703125,439.68505859375,3.9606903076171873,0.8351572672526042,0.0027637939453125,172.53880656150025,4.795847574869791,-0.0098620355154329,154.3705596923828,150.19325256347656,128.97933959960938,122.45738983154295,124.73924255371094,162.30953979492188,143.79254150390625,166.73855590820312,140.66561889648438,96.56575012207033,0.0098135126754641,0.0098283784464001,0.0103382533416152,0.0103871813043951,0.0108088944107294,0.0091414125636219,0.0091414125636219,0.0091414125636219,0.0062663699500262,0.0062663699500262
16300,16300,16300,16300.0,373.44970703125,314.68505859375,3.337773640950521,0.2122406005859375,0.0025137939453125,208.4749293762997,3.5500142415364584,-0.0095845003306971,190.75701904296875,218.936279296875,234.70220947265625,203.94976806640625,229.3322296142578,152.8533172607422,139.5409698486328,137.93804931640625,127.94166564941406,96.56575012207033,0.0091653950512409,0.0094730863347649,0.0092847933992743,0.0090402103960514,0.0089418897405266,0.0083145229145884,0.0083145229145884,0.0083145229145884,0.0062663699500262,0.0062663699500262
16301,16301,16301,16301.0,473.44970703125,414.68505859375,0.8461069742838542,2.703907267252604,0.0015137939453125,22.770968383847165,3.5500142415364584,-0.0036469621030407,19.879364013671875,21.530363082885746,23.90802001953125,15.05910587310791,29.796913146972656,34.48780822753906,66.28223419189453,50.02167892456055,77.04582214355469,96.56575012207033,0.0029295636340975,0.0028704442083835,0.0029280357994139,0.0036523295566439,0.0032426754478365,0.0050069633871316,0.0050069633871316,0.0050069633871316,0.0062663699500262,0.0062663699500262
16302,16302,16302,16302.0,423.44970703125,364.68505859375,4.583606974283854,1.4580739339192708,0.0010137939453125,3.848500256934209,6.041680908203125,-1.0121156700065525e-05,6.85543966293335,20.663530349731445,16.000560760498047,11.455514907836914,21.60140419006348,19.33639335632324,49.630889892578125,22.434898376464844,51.597900390625,96.56575012207033,0.0002619803126435,0.0002710987464524,0.0008211156236939,0.0009583888459019,0.001454351353459,0.0033531836234033,0.0033531836234033,0.0033531836234033,0.0062663699500262,0.0062663699500262
16303,16303,16303,16303.0,323.44970703125,464.68505859375,2.0919403076171874,3.9497406005859377,0.0020137939453125,78.27923110830886,6.041680908203125,-0.0065606989008449,93.9220962524414,100.62374114990234,104.65843200683594,130.8910369873047,89.97489166259766,130.7664337158203,129.06617736816406,88.5227279663086,102.49374389648438,96.56575012207033,0.0068460945039987,0.0068780910223722,0.0071778730489313,0.0063462699763476,0.0057385214604437,0.0066607426851987,0.0066607426851987,0.0066607426851987,0.0062663699500262,0.0062663699500262
16304,16304,16304,16304.0,317.19970703125,370.93505859375,2.5591278076171875,0.9908864339192708,0.0019512939453125,214.6756139560841,3.5500142415364584,-0.0072771821035043,201.11346435546875,188.00694274902344,171.02162170410156,180.9316864013672,137.849853515625,127.6613998413086,127.52464294433594,83.11322021484375,99.31275177001952,96.56575012207033,0.0069748400710523,0.0065795131959021,0.0069145080633461,0.0060095274820923,0.0053878482431173,0.0064540202729403,0.0064540202729403,0.0064540202729403,0.0062663699500262,0.0062663699500262
16305,16305,16305,16305.0,417.19970703125,470.93505859375,0.0674611409505208,3.4825531005859376,0.0029512939453125,97.64723874983996,3.5500142415364584,-0.0102131479872042,109.536376953125,111.51856994628906,98.60419464111328,105.92507934570312,113.0933609008789,168.81719970703125,146.64683532714844,190.1295623779297,150.20860290527344,96.56575012207033,0.0100945830345153,0.0103757018223404,0.0111283482983708,0.0113974092528224,0.0123252253979444,0.0097615793347358,0.0097615793347358,0.0097615793347358,0.0062663699500262,0.0062663699500262
16306,16306,16306,16306.0,467.19970703125,320.93505859375,3.8049611409505206,2.236719767252604,0.0024512939453125,49.38682751580559,6.041680908203125,-0.0084137386754384,76.80844116210938,82.06472778320312,91.99224853515624,101.25863647460938,133.9595184326172,92.86785888671876,108.7669677734375,131.1642608642578,124.76067352294922,96.56575012207033,0.0088815400376915,0.0088865589350461,0.0079499697312712,0.0087034683674573,0.0085027758032083,0.0081078000366687,0.0081078000366687,0.0081078000366687,0.0062663699500262,0.0062663699500262
16307,16307,16307,16307.0,367.19970703125,420.93505859375,1.3132944742838542,4.728386433919271,0.0014512939453125,67.57548691461449,6.041680908203125,-0.0049248393640516,49.054931640625,63.355804443359375,58.064640045166016,57.8426399230957,44.18737030029297,52.696998596191406,81.93270111083984,45.97645568847656,73.86483001708984,96.56575012207033,0.0042419359087944,0.0040737907402217,0.0037361294962465,0.003315586829558,0.0029804422520101,0.0048002409748733,0.0048002409748733,0.0048002409748733,0.0062663699500262,0.0062663699500262
16308,16308,16308,16308.0,392.19970703125,345.93505859375,0.6903778076171876,4.105469767252604,0.0012012939453125,53.650435874468165,4.795847574869791,-0.0021541703822543,39.55514907836914,43.422462463378906,42.47820663452149,44.04359817504883,39.29317474365234,31.64927864074707,63.49597930908203,31.50092506408692,61.140869140625,96.56575012207033,0.0022625117562711,0.002381702652201,0.0021469399798661,0.0019686166197061,0.0020420600194483,0.0039733508601784,0.0039733508601784,0.0039733508601784,0.0062663699500262,0.0062663699500262
16309,16309,16309,16309.0,492.19970703125,445.93505859375,3.1820444742838543,1.6138031005859377,0.0022012939453125,8.445316401423998,4.795847574869792,-0.0065271632940655,35.154319763183594,29.51010131835937,27.22034072875977,33.90886688232422,50.41413879394531,67.47659301757812,92.71305847167967,105.7744598388672,112.03671264648438,96.56575012207033,0.0066274628043174,0.00651824939996,0.0063607804477214,0.0073564979247748,0.0068568717688322,0.0072809103876352,0.0072809103876352,0.0072809103876352,0.0062663699500262,0.0062663699500262
16310,16310,16310,16310.0,442.19970703125,395.93505859375,1.9362111409505207,2.859636433919271,0.0027012939453125,133.15491410831015,4.795847574869791,-0.0101582980465453,118.57567596435548,116.67375946044922,107.07501983642578,100.7907257080078,119.31116485595705,125.88864135742188,126.63612365722656,159.28262329101562,137.48463439941406,96.56575012207033,0.0100916856899857,0.0098935170099139,0.009539159014821,0.0100504383444786,0.0103255603462457,0.0089346896857023,0.0089346896857023,0.0089346896857023,0.0062663699500262,0.0062663699500262
16311,16311,16311,16311.0,342.19970703125,495.93505859375,4.427877807617188,0.3679697672526041,0.0017012939453125,82.7636178667812,4.795847574869792,-0.0046513050749099,67.34065246582031,62.127540588378906,54.73536682128906,75.00631713867188,50.37001037597656,83.3833236694336,103.06327056884766,63.1805534362793,86.58879089355469,96.56575012207033,0.0048728468827903,0.0047824173234403,0.0053253187797963,0.0046625570394098,0.0040957047604024,0.0056271306239068,0.0056271306239068,0.0056271306239068,0.0062663699500262,0.0062663699500262
16312,16312,16312,16312.0,329.69970703125,308.43505859375,2.247669474283854,1.302344767252604,0.0028262939453125,339.68864678720297,3.5500142415364584,-0.0110883777422433,333.10821533203125,361.5677795410156,361.0967712402344,328.453857421875,387.16162109375,247.9004364013672,177.70635986328125,174.36502075195312,143.84661865234375,96.56575012207033,0.0107088312506675,0.0114894062280654,0.0114052128046751,0.0107239233329892,0.0113032832741737,0.009348134510219,0.009348134510219,0.009348134510219,0.0062663699500262,0.0062663699500262
16313,16313,16313,16313.0,429.69970703125,408.43505859375,4.739336140950521,3.794011433919271,0.0018262939453125,33.33846367783134,8.533347574869792,-0.0065865371330504,59.416236877441406,60.758785247802734,61.45159149169922,51.6060905456543,54.27345275878906,60.93839263916016,88.10688018798828,72.80581665039062,92.95077514648438,96.56575012207033,0.0056678419932723,0.0053918487392365,0.0050484547391533,0.0053360424935817,0.0047196662053465,0.0060405754484236,0.0060405754484236,0.0060405754484236,0.0062663699500262,0.0062663699500262
16314,16314,16314,16314.0,479.69970703125,358.43505859375,1.0018361409505208,0.0565114339192708,0.0013262939453125,2.450963430149497,1.0583475748697917,-4.2392946084484057e-07,6.450421333312988,15.571426391601562,20.40645217895508,14.112997055053713,29.822355270385746,25.788164138793945,57.31582260131836,38.39762115478516,67.50285339355469,96.56575012207033,0.0012429457856342,0.0012675694888457,0.0018700760556384,0.0026421018410474,0.0024891411885619,0.0043867956846952,0.0043867956846952,0.0043867956846952,0.0062663699500262,0.0062663699500262
16315,16315,16315,16315.0,379.69970703125,458.43505859375,3.493502807617188,2.5481781005859374,0.0023262939453125,104.3713026088542,6.041680908203125,-0.0078906565620552,111.1400909423828,111.0679931640625,100.93504333496094,102.20186614990234,89.51900482177734,126.62760925292967,127.00725555419922,118.12828826904295,118.39869689941406,96.56575012207033,0.0079197827726602,0.0079305619001388,0.0082268333062529,0.0080299833789467,0.0076577137224376,0.007694355212152,0.007694355212152,0.007694355212152,0.0062663699500262,0.0062663699500262
16316,16316,16316,16316.0,354.69970703125,383.43505859375,4.116419474283855,3.171094767252604,0.0020762939453125,173.6664546196071,7.287514241536458,-0.0077162621974699,158.2210693359375,152.8824462890625,148.49655151367188,138.34288024902344,116.8139190673828,115.59413146972656,121.34788513183594,94.10276794433594,105.67473602294922,96.56575012207033,0.0078051462769508,0.0074423453770577,0.0071733738295733,0.0066830129362642,0.0061002499423921,0.0068674655631184,0.0068674655631184,0.0068674655631184,0.0062663699500262,0.0062663699500262
16317,16317,16317,16317.0,454.69970703125,483.43505859375,1.6247528076171875,0.6794281005859376,0.0010762939453125,6.6324195198579e-06,2.3041809082031253,-1.2906283597837682e-15,-19.39657020568848,7.374018669128418,7.546201229095459,-10.364001274108888,12.015957832336426,18.901323318481445,49.06936264038086,25.2863712310791,54.77888870239258,96.56575012207033,0.0001425056398147,0.0002424711856292,0.0008166159968823,0.0012951313983649,0.0016391992103308,0.0035599060356616,0.0035599060356616,0.0035599060356616,0.0062663699500262,0.0062663699500262
16318,16318,16318,16318.0,404.69970703125,333.43505859375,2.870586140950521,4.416928100585937,0.0015762939453125,36.34871560458213,7.287514241536458,-0.0052696527166276,76.6841049194336,67.8296890258789,79.50575256347656,73.0208740234375,68.3924789428711,51.1786003112793,80.7436752319336,54.23743438720703,80.22681427001953,96.56575012207033,0.0047452580183744,0.0047169895842671,0.0039949947968125,0.0039890720508992,0.0035159634426236,0.00521368579939,0.00521368579939,0.00521368579939,0.0062663699500262,0.0062663699500262
16319,16319,16319,16319.0,304.69970703125,433.43505859375,0.3789194742838541,1.9252614339192708,0.0025762939453125,166.3357264855566,2.304180908203125,-0.0091952695203716,206.46145629882807,205.89450073242188,204.7947540283203,235.02330017089844,190.7308349609375,241.1717987060547,175.278076171875,144.8823699951172,131.12265014648438,96.56575012207033,0.0088825477287173,0.0092363143339753,0.0103517528623342,0.0093769533559679,0.0093920584768056,0.0085212448611855,0.0085212448611855,0.0085212448611855,0.0062663699500262,0.0062663699500262
